Rank,Username,Score,Green,Cards,NFT,PIXEL,USD (ref.),userId
1,Mikhaill_Freeman,40216939.75,1156490,2575,1.3,-,-,988810706
2,Jeff_nart,34651076.46,2323860,1047,1.3,-,-,7050913884
3,mistermfm,33457344.05,3245450,693,1.3,-,-,5486310232
4,ZeroDecibel,25286620.840000004,3068020,534,1.3,-,-,6029274073
5,wonjoonai,25106742.5,1972250,1173,-,-,-,7506966741
6,Liss136,24892140.0,2716000,605,1.3,-,-,876593218
7,TimTLT,21752796.0,2337000,616,1.3,-,-,1187896467
8,zer0viux,20230138.240000002,2167360,618,1.3,-,-,1768903538
9,Kopstav,19446040.0,2116000,819,-,-,-,7175524313
10,thesemenko,18506644.0,1916000,643,1.3,-,-,488633056
11,2093798465,17865544.2,2238790,698,-,-,-,2093798465
12,ponk3502,16790978.88,2339880,452,1.3,-,-,7455152476
13,Vladimir_crypta,16169149.439999998,2128640,533,1.2,-,-,6234324905
14,Artem_Chebotarev2024,15794558.0,1982000,513,1.3,-,-,5282570639
15,TakeMyEnerGy13,15024336.6,1665300,594,1.3,-,-,1348477787
16,saveliy59,14980617.6,1876800,514,1.3,-,-,448715519
17,ZVV2411,14948424.0,2174000,473,1.2,-,-,6200382100
18,7799361978,14082750.0,1707000,725,-,-,-,7799361978
19,8094269977,13062386.88,2142780,408,1.2,-,-,8094269977
20,wasapok1111,12763098.040000001,2673460,334,1.1,-,-,1736242159
21,khiroshin,12021318.4,1651280,628,-,-,-,5232525961
22,MegaboxBS,11972133.12,2164160,361,1.2,-,-,164190065
23,Makspetruk,11924000.0,2168000,450,-,-,-,6611686260
24,ZhNiNa,11378623.2,1935140,390,1.2,-,-,1341445626
25,alekseyjke,11026195.4,2179090,360,1.1,-,-,470385772
26,58868907,10901662.200000001,1363560,515,1.3,-,-,58868907
27,Wetal_Che,10816169.76,1606680,461,1.2,-,-,437573696
28,RaZzoRr,10714968.0,1992000,389,1.1,-,-,204340391
29,mnb550,10684181.200000001,1756400,453,1.1,-,-,319926394
30,TK43j2c6sZ,10683524.28,2475330,232,1.3,-,-,5302704331
31,HonriznMe,10506942.6,1714020,513,-,-,-,1243629208
32,Aziat_Dikiy,10353818.4,1559310,564,-,-,-,1126565403
33,Harabas,10163712.0,1664000,409,1.2,-,-,1983366905
34,Benssoonn,9878347.71,1583830,467,1.1,-,-,784567003
35,OlgaKone76,9672079.040000001,1805840,312,1.3,-,-,5188417924
36,alextigerv,9611239.0,1751000,399,1.1,-,-,5416107807
37,Gufisd,9366368.0,1804000,372,1.1,-,-,534189589
38,NiPS19,9329150.16,1967760,331,1.1,-,-,1710565673
39,Dsverba,9227989.68,1810830,292,1.3,-,-,994336086
40,mentiou,9153328.860000001,1700730,314,1.3,-,-,6149077801
41,Anh2lua99,9083763.0,1370100,563,-,-,-,6343245971
42,Hooks63,8942340.0,1594000,410,1.1,-,-,6175911742
43,7817153138,8940320.0,1574000,468,-,-,-,7817153138
44,ilyuxa,8761896.0,2024000,233,1.3,-,-,46681647
45,carlmigs,8720275.2,2009280,334,-,-,-,6438338173
46,LilyJustAFlower,8698417.0,1567000,327,1.3,-,-,253668293
47,pubuvv,8670471.040000001,1698760,364,1.1,-,-,5378466057
48,Damesn,8646213.12,1552840,364,1.2,-,-,6612971126
49,YURII_26,8415701.84,2010440,222,1.3,-,-,908538039
50,runnerforest,8199512.28,1495170,357,1.2,-,-,1706902193
51,saveliy595,8196240.0,1443000,468,-,-,-,6116664663
52,K_9901ro,8135820.8,696560,1068,-,-,-,8164838622
53,5718416241,8107008.0,1856000,236,1.3,-,-,5718416241
54,Liza_Podavan,8100344.0,1464800,453,-,-,-,7905402865
55,ProServisVL,8087436.0,1407000,379,1.2,-,-,1214157058
56,7879595104,8051400.0,1260000,539,-,-,-,7879595104
57,danchoicc,8036000.0,784000,925,-,-,-,7938358261
58,thaoomury,7992000.0,864000,825,-,-,-,7991270255
59,CriptoVSB,7945900.0,1810000,339,-,-,-,1593564683
60,VL5VL5,7933504.0200000005,2268660,169,1.3,-,-,171473955
61,daxdaxy,7916304.000000001,1914000,276,1.1,-,-,1229692545
62,Ancouch,7879388.000000001,1367000,424,1.1,-,-,1049852601
63,thuananaa,7756852.0,981880,690,-,-,-,7647493302
64,DDD7371,7750560.48,1602680,303,1.2,-,-,474210589
65,Lepitskiy,7642752.0,1531000,284,1.3,-,-,404712626
66,RinatMA64,7575735.420000001,1628140,323,1.1,-,-,1185535474
67,crazik73,7501388.4,1258200,442,1.1,-,-,1532308789
68,ronaldrei3030,7488180.0,1981000,278,-,-,-,6407555829
69,Ivaivan0,7450093.8,1452260,413,-,-,-,7004917176
70,K_M_A05,7416631.0,1787140,315,-,-,-,358790126
71,ludzakura,7410208.0,1970800,276,-,-,-,510639825
72,krikitalmas,7351845.279999999,1180640,379,1.3,-,-,1754966012
73,V_strateg,7205198.0,1298000,327,1.3,-,-,1002925630
74,Resident747,7122720.000000001,1618800,300,1.1,-,-,812325627
75,max777str,7103460.0,1301000,446,-,-,-,7371089637
76,LionDY,7066290.0,1617000,337,-,-,-,6825618482
77,Igor_Bondarev,6947518.600000001,1165300,442,1.1,-,-,373056971
78,Albert_lain,6937632.0,2616000,104,1.3,-,-,681819236
79,nhanerror,6929460.0,822000,743,-,-,-,6780892472
80,Dreamer00112,6868050.7,1679230,309,-,-,-,7408237390
81,nkd10,6838344.0,1266360,440,-,-,-,384175819
82,BaksBanl,6753253.8,1401090,382,-,-,-,689489618
83,1155785572,6676560.0,1405000,296,1.2,-,-,1155785572
84,Levi129,6662507.6,1535140,334,-,-,-,5029076613
85,Tati_noda,6612408.000000001,1518000,296,1.1,-,-,223164353
86,Kocherova_Elenka,6520311.600000001,1930800,207,1.1,-,-,1526839948
87,tuanhuye8,6486340.0,866000,649,-,-,-,7673071527
88,Leonidbon,6371630.430000001,1481430,291,1.1,-,-,876435883
89,vokiuen,6292800.0,736000,755,-,-,-,7758237231
90,getgem_scout,6267564.0,1179000,343,1.2,-,-,453173351
91,luckedra,6223126.0,1103000,334,1.3,-,-,422542802
92,BestLyubov,6209560.0,1324000,369,-,-,-,5091197605
93,BezFona,6149272.0,1450300,324,-,-,-,394036065
94,HopiumLast,6105780.6,1537980,297,-,-,-,6018976994
95,Leo87_leo,6058668.000000001,1162000,374,1.1,-,-,5929939789
96,rangipangirangi,6031260.0,1241000,386,-,-,-,6975347798
97,upstreak24,5900915.6,1048120,463,-,-,-,755683300
98,ilyacheshkoff,5880420.0,1638000,259,-,-,-,5219845655
99,vilropx,5860316.000000001,1484000,259,1.1,-,-,8097278898
100,Hftiid,5854800.0,1428000,310,-,-,-,7137111548
101,Kko_kalter,5809763.2,1420480,309,-,-,-,430119360
102,jillian_19,5742180.0,1314000,337,-,-,-,5786601600
103,1308020128,5675296.8,1197320,374,-,-,-,1308020128
104,coxmd,5637680.4,1553080,230,1.1,-,-,323745365
105,zmwmkm4y,5616748.8,1350180,316,-,-,-,5963698016
106,sw_iceman,5597592.0,1864000,173,1.1,-,-,552752256
107,Quang02_01,5596800.0,660000,748,-,-,-,7915403804
108,F_E_S_S_1,5560170.0,1588620,250,-,-,-,6790941148
109,5908090045,5530710.0,1767000,213,-,-,-,5908090045
110,Martinaska,5517771.0,1382900,299,-,-,-,7981801984
111,5161277627,5482153.6,1803340,204,-,-,-,5161277627
112,Muhraj1,5462604.0,1227000,271,1.2,-,-,270318611
113,taurus_belarus,5431842.0,1251000,234,1.3,-,-,338431880
114,radele4ka,5415715.2,1556240,248,-,-,-,244188668
115,fishchukkonstanti,5389340.0,1441000,240,1.1,-,-,1807087416
116,5996583044,5380800.0,1121000,380,-,-,-,5996583044
117,deriku,5353848.0,1293200,314,-,-,-,7113563874
118,5160038433,5337240.0,1126000,374,-,-,-,5160038433
119,Ludmila_crypto,5337152.0,1499200,256,-,-,-,6635331519
120,toffee_6_3,5323500.0,1365000,225,1.2,-,-,741385364
121,DL6453,5309116.8,1074720,280,1.3,-,-,291266700
122,snow_illustration,5240149.2,1409400,238,1.1,-,-,6844594341
123,I_VVZ_I,5163950.0,1145000,351,-,-,-,475362009
124,tubadboi,5154750.0,725000,611,-,-,-,8055508716
125,JayvieGojo,5153940.0,1370000,242,1.1,-,-,5822426481
126,Oppenheimer1972,5102910.0,1133980,350,-,-,-,501164365
127,emmendoza,5070342.6,1028050,311,1.2,-,-,441438828
128,7554713701,5061197.9,868130,483,-,-,-,7554713701
129,7830477699,5060476.8,866520,484,-,-,-,7830477699
130,VitosVo,5018832.0,2298000,68,1.3,-,-,1838223811
131,doktor_lektor1,5015120.0,1529000,228,-,-,-,5401258355
132,Musashiroi,5010720.0,1144000,265,1.2,-,-,1841028334
133,boynhangheo22,5009711.2,819920,511,-,-,-,7517677277
134,crypto_avocado,4971531.6,1315220,215,1.2,-,-,5896508558
135,Yulouy,4964064.0,1162000,256,1.2,-,-,665234664
136,SemenIvanovic,4956000.0,1200000,313,-,-,-,6455811944
137,rada_ira_rada,4908389.2,1398800,219,1.1,-,-,659522951
138,MOA123777,4886716.0,1576360,210,-,-,-,6508151935
139,buzzzklen,4883803.8,1829140,167,-,-,-,7014044236
140,oanh_98,4850720.0,568000,754,-,-,-,7618786959
141,soankimoe,4807860.0,681000,606,-,-,-,7613893593
142,Pugalo800,4803624.0,1059000,278,1.2,-,-,5970833383
143,7108194839,4792608.040000001,970360,349,1.1,-,-,7108194839
144,Leoniqq,4789211.8,1137580,321,-,-,-,6347380215
145,violet_berrys,4700786.4,1450860,224,-,-,-,5320633298
146,PavelSuv,4664630.0,1193000,291,-,-,-,1127537422
147,Ivan_ves,4661515.8,1425540,227,-,-,-,8244793545
148,mariyaogi,4622832.0,2214000,74,1.2,-,-,821631231
149,8376740554,4603950.0,787000,485,-,-,-,8376740554
150,Limistea,4559422.4,1373320,232,-,-,-,6930583808
151,Iren_333,4478185.800000001,1276200,219,1.1,-,-,7373544978
152,Surprise9011,4448544.0,1244000,198,1.2,-,-,1274270464
153,Iq753,4432968.54,975780,313,1.1,-,-,1638785247
154,Oziinill,4425580.32,1018780,262,1.2,-,-,5291224325
155,Mutadeny,4411404.0,1299000,183,1.2,-,-,1346376160
156,Lavr14_03,4402480.8,756440,482,-,-,-,1469270087
157,7118747854,4396945.5,1490490,195,-,-,-,7118747854
158,Ixyxtocyhxo,4353480.0,1044000,317,-,-,-,1328868526
159,Tryarty,4343382.0,1312200,231,-,-,-,706381844
160,7573193877,4326051.24,1230390,193,1.2,-,-,7573193877
161,Timur_Ribalchenko,4249140.0,1407000,202,-,-,-,7034985942
162,Yra1206,4224281.600000001,1200080,220,1.1,-,-,397235558
163,levite2509,4194828.0,1188000,221,1.1,-,-,585323093
164,Overlordss,4180389.8400000003,1792620,112,1.1,-,-,569649470
165,T_AleksL,4172080.2200000007,1125460,237,1.1,-,-,736737015
166,6937623630,4165994.8,917620,354,-,-,-,6937623630
167,goalubika,4141830.0000000005,1141000,230,1.1,-,-,400308021
168,Kdbsjxbshf,4131543.0,1095900,277,-,-,-,7203677413
169,chelsea_309,4130075.52,972240,254,1.2,-,-,5036444648
170,mcuinere,4095640.0,634000,546,-,-,-,6292486631
171,oy_craze,4088520.0,1662000,146,-,-,-,1190456595
172,redexed,4079616.0,1024000,232,1.2,-,-,405670923
173,marthy0005,4063174.8,1010740,302,-,-,-,6367696858
174,Tundecrypto,4061805.0000000005,1195000,209,1.1,-,-,6221491790
175,Vechesvet,4039890.0,1299000,211,-,-,-,326682087
176,AndreykaBarmaleyka,4030731.6,1251780,222,-,-,-,309067504
177,gora123321,4028188.32,1912720,62,1.3,-,-,565653479
178,m_nghan,4013500.0,698000,475,-,-,-,7618135277
179,hopnv89,4006579.8,857940,367,-,-,-,7091089846
180,8061640802,4005820.0,923000,334,-,-,-,8061640802
181,saveno4ek,3934444.8,1891560,108,-,-,-,1068392820
182,Evgen_bmk,3922740.0,1406000,179,-,-,-,6259476826
183,7695114156,3917060.0,571000,586,-,-,-,7695114156
184,1288660628,3916109.5600000005,870440,309,1.1,-,-,1288660628
185,A_O_A_07,3915900.0,1145000,185,1.2,-,-,1829612750
186,Petro_metro,3912079.7,1522210,157,-,-,-,7482248395
187,Encoridge,3896898.2,1033660,277,-,-,-,197240679
188,valeriy777str,3857750.0,1187000,225,-,-,-,7869436979
189,8043653314,3815053.7,873010,337,-,-,-,8043653314
190,FroIL7,3808756.8,1075920,254,-,-,-,1444319815
191,W_T_Fedor,3792772.5000000005,1112250,210,1.1,-,-,53648993
192,kos2050,3780841.0,1239620,205,-,-,-,1011840982
193,snatali_5_7,3768348.7600000002,1210520,183,1.1,-,-,5707107257
194,NeutronIvan,3745029.2,895940,318,-,-,-,1526296005
195,Crypto_miha,3739003.0,1206130,210,-,-,-,5835434348
196,dimatag,3719309.4400000004,1190560,184,1.1,-,-,117674425
197,RomanHsieh,3696066.0,1120020,230,-,-,-,1507644044
198,Boybakal9,3693825.0,985020,275,-,-,-,7047863428
199,nurkhan1993,3690965.8,1361980,171,-,-,-,802154461
200,Liudlych,3671745.8,1058140,247,-,-,-,1196232556
201,Airtexx,3670260.0,1474000,149,-,-,-,1002612407
202,Olka1887,3659745.8,1057730,246,-,-,-,1431224363
203,Sergey9k,3642408.0000000005,1134000,192,1.1,-,-,438476031
204,Ammusky,3616428.0,1310300,176,-,-,-,6759093180
205,pkhanhoi,3609392.2,552740,553,-,-,-,7796433424
206,oslo36,3607032.0,1093040,230,-,-,-,782132161
207,Skadie_Leo,3587850.0,1139000,215,-,-,-,923812007
208,Onixkhv,3585120.0,679000,428,-,-,-,746228154
209,Aridan_7,3572674.5599999996,954240,212,1.2,-,-,5315938649
210,Vasilius12,3569868.0,1122600,218,-,-,-,1291748608
211,VladimirrrSG,3561311.6,1075600,201,1.1,-,-,576729743
212,yadoo0304,3560523.72,787030,248,1.3,-,-,1671692924
213,Arhivariuc,3555824.0,1147040,210,-,-,-,904728553
214,Xeny1,3536139.6,1098180,222,-,-,-,5156276198
215,Ivangoto,3523754.0,866000,213,1.3,-,-,842070363
216,snow_hello,3523542.0000000005,1182000,171,1.1,-,-,7396023964
217,ganja774,3523047.2,989620,256,-,-,-,763808688
218,Umar9119,3509840.0,1202000,192,-,-,-,6772107164
219,RomanAtval,3508894.8,950920,269,-,-,-,1089457364
220,Elmz121899,3504270.0,861000,307,-,-,-,6489241664
221,i588261236,3501052.8,943680,271,-,-,-,588261236
222,Von_Alex,3495600.0,873900,300,-,-,-,318081928
223,Pozdravljal,3480640.0,1192000,192,-,-,-,616366938
224,lucky_lucky1978,3471936.0,624000,328,1.3,-,-,648269182
225,rudy_sv,3470892.04,1044820,202,1.1,-,-,5534354979
226,quockhanh2932,3459721.2,747240,363,-,-,-,8177768541
227,GGezzzzzzz,3453384.0000000005,824000,281,1.1,-,-,6473980982
228,akakura3,3430891.2,955680,259,-,-,-,5272272669
229,IXABPyHl,3418525.0000000005,775000,301,1.1,-,-,1057946482
230,Mrxchan01,3412587.64,1104040,181,1.1,-,-,1880277027
231,rosamil1,3395260.0,1403000,142,-,-,-,8083758171
232,Dtolber,3379250.16,742040,314,1.1,-,-,1757116439
233,manrey33,3373065.41,637510,381,1.1,-,-,2031054289
234,KardanFlaers,3372516.0,892200,278,-,-,-,8119160052
235,Emibubble,3355286.0000000005,874000,249,1.1,-,-,6147880868
236,ihor_riabukha,3351766.0000000005,1163000,162,1.1,-,-,380410690
237,Umarbek9119,3349900.0,1205000,178,-,-,-,548509032
238,NVnight,3335306.0,1574000,63,1.3,-,-,519938217
239,Viktolich,3334417.6,1072160,211,-,-,-,5938046467
240,Yaseen319,3324674.4,1170660,184,-,-,-,6456851115
241,gridayulya,3319241.8,777340,327,-,-,-,641684700
242,g_a_n_z_h,3297984.0,712000,286,1.2,-,-,262468154
243,7168564040,3244678.0,876940,270,-,-,-,7168564040
244,MURAT_GOK,3242438.1,1091730,170,1.1,-,-,1530460668
245,nocomment_fencer,3241894.9200000004,923880,219,1.1,-,-,5078869454
246,ToriTori01,3232111.6,1482620,118,-,-,-,1213008615
247,yungghin,3212300.0,455000,606,-,-,-,7592851823
248,Gisakhan,3207240.0,1062000,202,-,-,-,6721792583
249,MyMindFlop,3194760.0,1011000,216,-,-,-,5347989754
250,Umutct,3192750.47,707770,247,1.3,-,-,1688791111
251,momohikin,3179917.0,960700,231,-,-,-,5186578369
252,vov9719,3178129.5,905450,251,-,-,-,687401095
253,impazik,3166614.0000000005,1777000,62,1.1,-,-,815473191
254,7621971050,3156920.0,934000,238,-,-,-,7621971050
255,ogyrez23,3137394.0,1074450,192,-,-,-,1010975870
256,JBFromPh,3131393.3,1040330,201,-,-,-,6461859443
257,weizob,3081117.5,858250,259,-,-,-,7183935425
258,trideniz,3080859.2,837190,268,-,-,-,7049624393
259,6507699416,3078798.0,908200,239,-,-,-,6507699416
260,Ehehdudub,3071832.0,752900,308,-,-,-,7875432264
261,HuIik,3032782.39,898070,207,1.1,-,-,373654766
262,8160775316,3017960.0,722000,318,-,-,-,8160775316
263,ogtreeps,3017073.3,1043970,189,-,-,-,268385006
264,jack5daniels,3016046.4,866680,248,-,-,-,1279626845
265,Flute_devil,3005486.0,1121450,168,-,-,-,900643908
266,7564132047,3005205.12,1061160,136,1.2,-,-,7564132047
267,Vitalij_Czajka,2998985.0,1090540,175,-,-,-,7358841446
268,7660393399,2996757.6,797010,276,-,-,-,7660393399
269,Aleksandr_A_Kravtsov,2977145.6,1691560,60,1.1,-,-,390115258
270,BabinEvgen1,2966194.0799999996,885960,179,1.2,-,-,1780057518
271,konstr_olga,2961075.2,1156670,156,-,-,-,559959288
272,Cosmo_Imo,2953060.0,682000,333,-,-,-,5732869682
273,khaiuen,2944448.0,707800,316,-,-,-,7422847930
274,Erisinka,2920560.0,849000,244,-,-,-,8176928815
275,Serginio777,2913477.93,891790,197,1.1,-,-,505679114
276,Mpo135,2912442.0,746780,200,1.3,-,-,723750801
277,coderc257,2906318.4,563240,416,-,-,-,7577957774
278,nt_kvl,2902431.8400000003,1499190,76,1.1,-,-,268027060
279,bobozyon,2892890.0,1001000,189,-,-,-,541608398
280,Denyacomua,2883426.8,1096360,163,-,-,-,1043592651
281,Sunli8,2877076.8,879840,227,-,-,-,5683311610
282,Advvi28,2865200.0,754000,280,-,-,-,8191046592
283,hiimkat,2859560.0,1067000,168,-,-,-,256562490
284,Tavsanplyus,2853632.0,557350,412,-,-,-,1439968999
285,X_x_666_x_X,2843720.88,879320,194,1.1,-,-,591719855
286,analygin,2841526.4,1164560,144,-,-,-,550440267
287,1897557211,2812440.0,1019000,176,-,-,-,1897557211
288,MartissOq,2808569.6,746960,276,-,-,-,7310757854
289,Lily0572,2804600.0,758000,270,-,-,-,7824199486
290,Gofard,2791518.0,1979800,41,-,-,-,239905608
291,vaughnivan,2781841.9200000004,1621120,56,1.1,-,-,5019516605
292,ffniks,2769630.0,817000,239,-,-,-,1008229804
293,Mixanik0704,2768640.0,896000,209,-,-,-,6611940895
294,Takanashi_DevOps,2767600.0,814000,240,-,-,-,627424052
295,Nohhyunjun,2764843.1999999997,936600,146,1.2,-,-,5063531786
296,nkarmazova,2756420.0,974000,183,-,-,-,330740690
297,inyiaak,2750151.2,749360,267,-,-,-,6011974725
298,7261088248,2745633.0,963380,185,-,-,-,7261088248
299,5811288539,2743552.0,857360,220,-,-,-,5811288539
300,Ncum36,2737020.0,754000,263,-,-,-,7940927337
301,vitaliyrtrk,2727830.0,2051000,33,-,-,-,520639515
302,560189662,2725975.0,1052500,159,-,-,-,560189662
303,Oleh77774,2721600.0,972000,180,-,-,-,7341555547
304,Natali1158,2715987.3,1099590,147,-,-,-,502319532
305,Xinra17,2709208.0,748400,262,-,-,-,8178121157
306,Altonxyz,2695763.3,814430,231,-,-,-,2011799579
307,rizkageni,2693046.4,765070,252,-,-,-,701646775
308,Temlisol2277,2693011.2,865920,211,-,-,-,7209525995
309,maslena92,2682120.0,1236000,117,-,-,-,109588940
310,Nayxil19,2676700.0,754000,255,-,-,-,7550466894
311,TheHaque7,2671132.8,794980,180,1.2,-,-,7099759083
312,TheLordConstantine,2669633.2,662440,303,-,-,-,127429318
313,Mrdhans,2664256.0,851200,213,-,-,-,1183922288
314,dimatah,2661469.2,1019720,161,-,-,-,5461403877
315,Gobs689,2659925.6,753520,253,-,-,-,8195924447
316,nazarbazhaluk,2648646.0,637000,278,1.1,-,-,582821744
317,ProKiliC,2648568.0,653000,212,1.3,-,-,637927622
318,Salvador05,2641674.2,2088280,15,1.1,-,-,7219388123
319,YuzongUei,2639000.0,754000,250,-,-,-,7535448479
320,Ferari047,2631460.0,754000,249,-,-,-,7740314629
321,ZitaandGi,2630105.4,1064820,147,-,-,-,2133121268
322,Thanos378,2629996.6,771260,241,-,-,-,7530595980
323,PAPAPIXA,2627979.0,1157700,127,-,-,-,6194239074
324,jujunchh,2626585.8,983740,167,-,-,-,6045724002
325,yd_alabama,2622212.45,1410550,43,1.3,-,-,981404733
326,Dmitriy8778,2619540.0,693000,215,1.2,-,-,465444742
327,674439027,2617157.4000000004,1663800,43,1.1,-,-,674439027
328,vladddd125,2616920.4,980120,167,-,-,-,7542395508
329,Kingz671,2606520.0,749000,248,-,-,-,8090431432
330,Cryptoexchange_EU,2603174.5,982330,165,-,-,-,7416049605
331,Cihuy561,2591822.4,728040,256,-,-,-,8122758017
332,olchlx,2575650.0,1155000,123,-,-,-,6288891452
333,Chorollo273,2567369.0,727300,253,-,-,-,7642048405
334,Rusding,2558124.0,710590,260,-,-,-,5343935682
335,kyr57,2552240.13,564530,311,1.1,-,-,431535119
336,7467972736,2533176.8000000003,802400,187,1.1,-,-,7467972736
337,Aurora11000,2532774.4,1021280,148,-,-,-,7441598034
338,7960790104,2494118.2,962980,159,-,-,-,7960790104
339,6235704440,2491833.6,865220,188,-,-,-,6235704440
340,Lapin7774,2488800.0,850000,144,1.2,-,-,355371571
341,thestupidrams,2487272.9,756010,229,-,-,-,6877314004
342,7957438831,2484882.4,1647800,16,1.3,-,-,7957438831
343,kareslav,2478960.0,626000,260,1.1,-,-,283373592
344,ZilongYuq,2477203.2,711840,248,-,-,-,8108361960
345,HazBazZz,2472110.0,919000,169,-,-,-,345527245
346,angel1na756,2461920.0,892000,176,-,-,-,1343254935
347,Tenxi377,2461800.0,746000,230,-,-,-,7805091959
348,nizogo,2458200.0,964000,155,-,-,-,328465245
349,keisuke1987,2457345.0,795000,181,1.1,-,-,65671538
350,rastashu,2455106.5,815650,201,-,-,-,454292743
351,Kunca637,2452940.0,700840,250,-,-,-,7608032848
352,Knparty,2452800.0,876000,180,-,-,-,7312960078
353,meganesanz,2452376.0,570320,330,-,-,-,5337597398
354,AnsoyWi,2450500.0,754000,225,-,-,-,8445567278
355,purple01meow,2448677.0,649000,243,1.1,-,-,994638630
356,Trinitybum,2448390.0,623000,293,-,-,-,7680090150
357,baltikaNEON,2447176.0500000003,660150,237,1.1,-,-,472448430
358,Tiksa278,2445820.0,752560,225,-,-,-,7578200928
359,Alexey_Ribalchenko_007,2440292.2,818890,198,-,-,-,6743706566
360,natnat_a,2440152.0,1706400,10,1.3,-,-,383333412
361,ministrelia0601,2437285.5,799110,205,-,-,-,5008028401
362,ollec06,2434857.7,799100,177,1.1,-,-,5734339216
363,notcoin_az,2426164.0,1261000,48,1.3,-,-,2132563147
364,Gigabit_ton,2425800.0,622000,290,-,-,-,7899700845
365,Zaa1900,2419763.2,945220,156,-,-,-,1395815073
366,BBC1389,2417728.0,816800,196,-,-,-,842229606
367,Xinghi7,2400345.0,650500,269,-,-,-,8396615988
368,NataliGoranina,2393702.4,1246720,92,-,-,-,540147946
369,8146163487,2392656.0,1139360,110,-,-,-,8146163487
370,Melamory75,2392049.0,583000,273,1.1,-,-,7042768236
371,gusobnim,2388408.0,904700,164,-,-,-,1472237454
372,JC1910,2387524.8,423320,464,-,-,-,916110733
373,MorenoYwi,2375100.0,754000,215,-,-,-,7908135877
374,BlackTAB75,2372810.0,583000,270,1.1,-,-,139246041
375,ALaw1182,2370690.0,556500,255,1.2,-,-,1743345339
376,star_tx,2361955.2,894680,164,-,-,-,518242217
377,dimataggg,2361800.0,964000,145,-,-,-,7545216511
378,mirooleynik,2357520.0,893000,164,-,-,-,1679471128
379,Astrolith,2352746.0,934000,129,1.1,-,-,304567675
380,5880147663,2349654.0,1030550,128,-,-,-,5880147663
381,Ixia37,2342553.2,707720,231,-,-,-,8004676901
382,Vitalii_Chaika20,2330343.0,913860,155,-,-,-,1687902547
383,SIMBO_25,2328523.2,958240,143,-,-,-,7143864340
384,reamfer,2327443.1999999997,1077520,80,1.2,-,-,1015154256
385,my_blurryface,2315121.6,876940,140,1.1,-,-,442783031
386,gorbachevmo,2310892.8,837280,176,-,-,-,891493458
387,siberianka,2306900.4,784660,194,-,-,-,1420147268
388,Tolik2015,2302126.4,1075760,114,-,-,-,7430692417
389,Blondanizm,2293555.5,592650,287,-,-,-,8114217914
390,MaksVolodko,2285528.6,684290,234,-,-,-,242617503
391,i588261236bi,2282400.0,720000,217,-,-,-,6991783063
392,Columbinbs,2278130.0,557000,309,-,-,-,7935702405
393,RogozinE,2270015.0,825460,175,-,-,-,7454912292
394,RocksAditya,2263199.4000000004,762020,170,1.1,-,-,800619510
395,WaIdemar,2258280.0,836400,170,-,-,-,5715787244
396,duamini,2254812.0,631600,257,-,-,-,7899408406
397,dc_thien1,2249066.0,661490,240,-,-,-,7694664768
398,nwnow,2240364.4,483880,363,-,-,-,5901144647
399,arararararararararagi,2234530.8,689670,224,-,-,-,388620110
400,Teona100,2234438.0,879700,154,-,-,-,7293864409
401,MrBigPand,2223653.0,535820,315,-,-,-,1319359943
402,7169306135,2208851.7,1154050,74,1.1,-,-,7169306135
403,youngLADY62,2203390.8600000003,1757090,14,1.1,-,-,1049248385
404,grishabaratrum,2200517.0,797000,151,1.1,-,-,1034605075
405,Yoneesh,2192190.0,949000,131,-,-,-,831907085
406,Justice7510,2179485.0,595000,233,1.1,-,-,6864541436
407,tritajm,2179468.0,641020,240,-,-,-,7011018784
408,7771462247,2176990.4,655720,232,-,-,-,7771462247
409,Motorola_V8,2166880.0,934000,132,-,-,-,7402461631
410,hiemsiku,2155542.8,523190,312,-,-,-,8044828018
411,ivilyn007,2147495.7,699510,207,-,-,-,6667350835
412,Ckritzon,2136510.0,579000,269,-,-,-,8114324411
413,7763194818,2129554.24,1166240,66,1.1,-,-,7763194818
414,7617055114,2127924.2,684220,211,-,-,-,7617055114
415,Sudir34,2125200.0,770000,176,-,-,-,6613753251
416,7600927978,2119662.4,1127480,88,-,-,-,7600927978
417,Dyn06,2118600.0,642000,230,-,-,-,5655966230
418,DeTeKTuB,2117030.0,787000,169,-,-,-,203658785
419,vadim_zhivov,2111220.0,1902000,11,-,-,-,1081511636
420,kenash,2105415.84,1678960,14,1.1,-,-,1911395018
421,akaBlauGrana,2101440.0,796000,164,-,-,-,225067552
422,OlegLet,2098278.27,784990,143,1.1,-,-,1279792559
423,Uzpelkiene,2081226.0,707900,194,-,-,-,358234481
424,odmen_vz,2079740.0,842000,147,-,-,-,285233117
425,7826940025,2079360.0,912000,128,-,-,-,7826940025
426,ubikon,2072748.6,662220,213,-,-,-,551772560
427,enjoyabol,2071580.3,866770,139,-,-,-,467172216
428,Lastri999,2060800.0,736000,180,-,-,-,6650502033
429,Kaswan202,2052798.0,720280,185,-,-,-,6516688013
430,skaydaulov,2051340.0,1074000,91,-,-,-,446493264
431,Sergey0738,2047280.4000000001,544200,242,1.1,-,-,1167677761
432,Dr_Samigulina,2028376.9,801730,153,-,-,-,461160340
433,jannidepp,2015840.16,688470,144,1.2,-,-,2036553079
434,DmytroLes,2006550.0,455000,341,-,-,-,471552937
435,5164159910,1993392.0,508000,227,1.2,-,-,5164159910
436,ngoc02_12,1981612.6,474070,318,-,-,-,7548023438
437,EdnaLockha,1966866.0,596020,230,-,-,-,7600129048
438,adiekorn,1966792.0800000003,634040,182,1.1,-,-,225667583
439,consterion,1961124.0000000002,1074000,66,1.1,-,-,273198411
440,Egullssss,1960587.2,810160,142,-,-,-,7811774246
441,JunniWin,1960439.2500000002,715750,149,1.1,-,-,6990367964
442,makhe_s,1960000.0,875000,124,-,-,-,380393030
443,igorrrrrrrrrrrrrrrrrrrr,1959681.4600000002,832490,114,1.1,-,-,1717982301
444,lilly_lena,1947040.0,688000,183,-,-,-,457365559
445,Chura378,1938456.0,592800,227,-,-,-,7813263987
446,7980192923,1934848.0,755800,156,-,-,-,7980192923
447,Matviy123q,1934505.2,792830,144,-,-,-,5478832646
448,Harvestmoonwallet,1933583.4,546210,254,-,-,-,5973540861
449,5264963423,1926765.0,819900,135,-,-,-,5264963423
450,FermaHazBazZz,1923147.9,956790,101,-,-,-,7196953126
451,Nazarbaeev36,1922232.0,808000,83,1.3,-,-,810432427
452,7932977411,1922040.0,843000,128,-,-,-,7932977411
453,rryujinsilog,1918127.9,776570,147,-,-,-,7019547351
454,fismoluni,1916225.3,359180,385,1.1,-,-,251004942
455,Savebat,1908000.0,1325000,44,-,-,-,1051550488
456,Antoxa_A,1907787.6,1246920,53,-,-,-,7257068887
457,RoVol_UR,1899830.4,608920,212,-,-,-,428668317
458,KavaKstorm,1894860.0,957000,98,-,-,-,6596606735
459,SlotFox,1878120.0,564000,233,-,-,-,1678963590
460,8331359642,1873920.0,732000,156,-,-,-,8331359642
461,Sergii_K1,1858080.0,948000,96,-,-,-,944958482
462,alex_pump_it,1842005.0000000002,1565000,7,1.1,-,-,7225324908
463,alabamagee,1837540.0,1163000,58,-,-,-,6196384305
464,Alex21197,1837440.0,704000,161,-,-,-,970546364
465,Tulalam,1834010.0,761000,141,-,-,-,808164181
466,Aaxxeel,1832324.4,702040,161,-,-,-,660069237
467,LisovskiArch,1832049.8900000001,568430,193,1.1,-,-,349242428
468,Juikvk,1831214.0,796180,130,-,-,-,7784606351
469,Moldvan,1828310.0,755500,142,-,-,-,1418839514
470,8155515786,1819962.0,674060,170,-,-,-,8155515786
471,MisterFess,1808100.0,1230000,47,-,-,-,135797247
472,Eidolon2244,1806079.0000000002,1453000,13,1.1,-,-,490031968
473,YuliyaVladova,1805292.9,1626390,11,-,-,-,645735067
474,6353746920,1805250.0,725000,149,-,-,-,6353746920
475,1986691062,1803771.2,745360,142,-,-,-,1986691062
476,Giniphg,1802050.0,1567000,15,-,-,-,7219031801
477,7623614773,1801800.0,780000,131,-,-,-,7623614773
478,mary_parfeniuk,1799837.82,636660,157,1.1,-,-,200071976
479,soan01,1787570.4,500720,257,-,-,-,8036351969
480,Denys_83,1786216.4,711640,151,-,-,-,857543172
481,JPlotitsyna,1776320.0,488000,264,-,-,-,547636436
482,Ilyas28,1771716.7,653770,171,-,-,-,384147075
483,Larik000,1766612.8,825520,114,-,-,-,110435550
484,Skif3110,1763681.4,1507420,17,-,-,-,6428312504
485,Sahree_22,1761925.0,591250,198,-,-,-,1880412567
486,Kostyayarmol,1757226.24,633920,131,1.2,-,-,1045710945
487,ArinaK03,1755016.5600000003,1437360,11,1.1,-,-,6833078755
488,elektrocat,1749060.0,738000,137,-,-,-,581104391
489,FIA_L_K_A,1749000.0,795000,120,-,-,-,1459812830
490,Krassovochek,1744978.4000000001,675040,135,1.1,-,-,126786472
491,StBujang,1738493.2,646280,169,-,-,-,6096109698
492,7362764993,1720500.0,1110000,55,-,-,-,7362764993
493,darianohka,1718640.0,792000,117,-,-,-,1882954913
494,AnnGae4ka,1707552.0000000002,1386000,12,1.1,-,-,542846406
495,niceneys,1704661.2,478300,197,1.2,-,-,347194109
496,miguelaamigo,1696728.0,1285400,32,-,-,-,953057469
497,magnojezer,1679700.0,1527000,10,-,-,-,7740872150
498,7391093771,1675597.0000000002,463000,229,1.1,-,-,7391093771
499,Jonii42cm,1663200.0,1386000,20,-,-,-,7271712322
500,huli88,1661544.0,491000,182,1.2,-,-,318901433
501,zeynnnnnz,1657471.0,832900,99,-,-,-,6131760470
502,B0SSS27,1651625.6,801760,106,-,-,-,5345553953
503,Bogol77,1648837.6,910960,81,-,-,-,6863120113
504,Nem0ss,1646756.7600000002,542410,176,1.1,-,-,770871852
505,VinceM009,1646645.76,423520,224,1.2,-,-,1898016161
506,Maksnuts,1642384.8,651740,152,-,-,-,1135810124
507,Lusik2,1641935.6800000002,576320,159,1.1,-,-,460020156
508,Uliana_fluff,1641522.9600000002,643230,132,1.1,-,-,966690152
509,Godamn9,1640925.0000000002,1275000,17,1.1,-,-,6781456497
510,danchoinuamuas,1640534.4,569630,188,-,-,-,7577674780
511,cryptocrash15,1637920.0,564800,190,-,-,-,1721941977
512,Barbality,1637880.6400000001,547420,172,1.1,-,-,6704541455
513,kulikov_biz,1637197.8,702660,133,-,-,-,902351961
514,heavymetalinmybrain,1625540.0,683000,138,-,-,-,393564236
515,7503633941,1624103.8,628280,135,1.1,-,-,7503633941
516,Zhuchara322,1622500.0,1298000,25,-,-,-,114908306
517,wolfok66,1620710.85,555990,165,1.1,-,-,7931796637
518,Sergey_dr,1616840.0,487000,232,-,-,-,1143354705
519,binhciuc,1616414.4,758880,113,-,-,-,7279155366
520,Nikita_Olegovich,1610010.0,603000,167,-,-,-,442756763
521,7997722479,1609277.4,679020,137,-,-,-,7997722479
522,Juiiol,1608528.0,684480,135,-,-,-,5917762536
523,ulasha_m,1607460.0,734000,119,-,-,-,911025792
524,TheStarBringer,1590753.6,736460,116,-,-,-,479131620
525,densmall,1579976.0,963400,64,-,-,-,653447792
526,AlexanderRu77,1573658.3199999998,521770,132,1.3,-,-,1490855076
527,7677778674,1570690.4,553060,184,-,-,-,7677778674
528,GajiKudanov,1568697.9,679090,131,-,-,-,350730581
529,Kgogu9,1564200.0,948000,65,-,-,-,743348433
530,ymka_jk,1561439.6,614740,154,-,-,-,796224140
531,illusionismal,1537527.7500000002,615750,127,1.1,-,-,6748583534
532,Miraacle21,1537208.2,635210,142,-,-,-,6719669220
533,camPPunk,1524530.0,525700,190,-,-,-,213747533
534,Anubisniy,1520710.0,631000,141,-,-,-,7747938415
535,bobrobro,1519452.0,562760,170,-,-,-,5421006218
536,Jaybem21,1513439.7,717270,111,-,-,-,7993751882
537,torChun21,1512456.0000000002,1011000,36,1.1,-,-,885707952
538,chlxbrg,1512080.0,922000,64,-,-,-,362746377
539,zeroblockchain,1504628.9500000002,540650,153,1.1,-,-,230337734
540,aa0lxs113,1504429.2,424980,254,-,-,-,199588419
541,ShavUms,1495768.2,528540,183,-,-,-,2003173664
542,7625652440,1493185.8,681820,119,-,-,-,7625652440
543,Jerolli,1481458.8800000001,416960,223,1.1,-,-,363394371
544,Paphchenkoff,1473386.6,619070,138,-,-,-,5593289121
545,i588261236b,1461030.8,741640,97,-,-,-,6318161715
546,Alucard00001,1460138.4,559440,161,-,-,-,7545210059
547,Alexander_Shikin,1459764.0,634680,130,-,-,-,299990305
548,Stas_Tsapurin,1457040.4,680860,114,-,-,-,985874796
549,iMitz6,1455426.0,462040,215,-,-,-,5342480325
550,Iriska1006,1454700.0,746000,95,-,-,-,896954495
551,Corobock,1447462.2,640470,126,-,-,-,553850350
552,S1m3tri,1442550.0,489000,195,-,-,-,595524663
553,Superstupidboy,1436400.0,342000,320,-,-,-,7517575512
554,7831961038,1428236.4,553580,158,-,-,-,7831961038
555,Coveks,1425900.0,490000,191,-,-,-,2125825059
556,McRichelle,1422087.7,562090,153,-,-,-,5183688393
557,kristin_live,1414140.0,481000,194,-,-,-,5822609636
558,surobard,1413720.0,420000,206,1.1,-,-,300558005
559,EtozheRosty,1411718.0,916700,40,1.1,-,-,699849317
560,OdysseysShake,1411077.4,621620,127,-,-,-,388689675
561,Jhep0y,1404172.0,501490,180,-,-,-,7066792836
562,Nukubots,1399680.0,648000,116,-,-,-,7649239056
563,MagicSoul34552035,1396980.0,702000,99,-,-,-,829947971
564,bmae21,1395623.4,694340,101,-,-,-,8040112162
565,Gondurapsina,1392710.0,1151000,10,1.1,-,-,350450110
566,dturovets,1390731.3,498470,179,-,-,-,597027099
567,Ho1dher0,1390260.0,493000,135,1.2,-,-,496611188
568,kseniya_parfeniuk,1387903.8800000001,907720,39,1.1,-,-,547991743
569,6588481441,1374070.0,439000,213,-,-,-,6588481441
570,chikaqyu,1372167.4799999997,323930,253,1.2,-,-,2129922780
571,Atheness,1370713.0,757300,81,-,-,-,1272903186
572,Be2KoS,1358912.0,499600,172,-,-,-,1220038226
573,dimspradipta,1352313.7,590530,129,-,-,-,162771742
574,Arkajek,1347800.0,460000,193,-,-,-,5896359937
575,Halford1,1347724.8,467960,188,-,-,-,7477516127
576,AlexKoli84,1345510.0,683000,97,-,-,-,1024407587
577,VN7_7_7,1342256.08,649060,88,1.1,-,-,1386677381
578,salsarafa,1339316.0,439120,205,-,-,-,205665509
579,eva_9fox,1337500.0,625000,114,-,-,-,627892609
580,currykobo,1337085.5,559450,139,-,-,-,6037986047
581,PuriOnSolana1,1330813.6400000001,326020,214,1.3,-,-,7102294582
582,StXavier00,1330644.0,475230,180,-,-,-,5485546235
583,Rezamohammady,1326351.0,479000,113,1.3,-,-,238603853
584,BomPaniss,1317000.0,439000,200,-,-,-,8292308879
585,ITShymkent,1312661.7,540190,143,-,-,-,303956438
586,TonyNikl,1308480.0,564000,132,-,-,-,6426662837
587,karasikma,1307929.0,902020,45,-,-,-,6082599022
588,7532617296,1307372.8,441680,196,-,-,-,7532617296
589,VitaliyHaze,1305843.4,585580,123,-,-,-,589017617
590,alexotrop,1302000.0,651000,100,-,-,-,5510502812
591,Sergbarey,1301788.6,1093940,19,-,-,-,1329819814
592,T3ngen,1297600.3,556910,133,-,-,-,6374369736
593,dulin_iv,1288920.0,467000,176,-,-,-,7173030688
594,Vladimir99227,1283975.0,667000,75,1.1,-,-,6539285521
595,6052880764,1283315.6700000002,577290,71,1.3,-,-,6052880764
596,Alexeyy_dem,1281854.4,464440,176,-,-,-,348869324
597,choypayatot,1281427.2,889880,44,-,-,-,1857394009
598,h3zoro,1279836.0,487000,119,1.2,-,-,7315437290
599,reyesreynaldo500,1278687.3,505410,130,1.1,-,-,5623524581
600,Oksana_7774,1278130.0,589000,117,-,-,-,5064655416
601,BLACKDRAGONtg,1277720.0,638860,100,-,-,-,5280903192
602,xfenix1988x,1274560.0,569000,124,-,-,-,844454912
603,7206141984,1271900.0,805000,58,-,-,-,7206141984
604,ValentinRijov,1269431.8,513940,147,-,-,-,700518899
605,Kingjoab,1266587.52,599710,92,1.1,-,-,2135000748
606,md_jull,1265810.0,749000,69,-,-,-,576894782
607,liprik0n,1262599.68,453520,132,1.2,-,-,449360979
608,5291970583,1261517.4000000001,287100,238,1.3,-,-,5291970583
609,alx_brg,1260000.0,720000,75,-,-,-,6403838608
610,Buba_Kastorskii,1259968.8,724120,74,-,-,-,6403191118
611,xHardBeastYGG,1259290.0799999998,464340,126,1.2,-,-,7414719808
612,Soboleva_os,1255680.0,1152000,9,-,-,-,411655235
613,MarynaLes,1252394.5,483550,159,-,-,-,694231039
614,LeoBroncos,1251140.8,687440,40,1.3,-,-,579515680
615,licht6q,1250926.4,381380,228,-,-,-,5206082071
616,Aziz_Khairulloevich,1249481.2000000002,570800,99,1.1,-,-,745830824
617,keisuke19870616,1247680.0,557000,124,-,-,-,7073712514
618,oblvko,1247006.64,858820,21,1.2,-,-,225870975
619,Mylene_001,1245850.6,454690,174,-,-,-,7811071714
620,Igor7546788,1245587.7,367430,239,-,-,-,6796705143
621,sergidji,1245348.0,887000,8,1.3,-,-,5115231282
622,kotolotto,1243440.0,396000,214,-,-,-,105750370
623,7227823386,1242885.0,507300,145,-,-,-,7227823386
624,kazuthaioka,1242670.0,434500,186,-,-,-,7277037848
625,7697851107,1241292.8,389120,219,-,-,-,7697851107
626,UmitbaevRus,1240376.4,568980,118,-,-,-,383266379
627,kunyukboy,1239546.0,536600,131,-,-,-,999821424
628,copy_trade_001,1237879.5,565500,99,1.1,-,-,7401453393
629,max_b85,1231161.1199999999,357480,187,1.2,-,-,535690536
630,OlegPtr,1225978.0,471530,160,-,-,-,343887443
631,zubeyr_muslim,1219592.0,554360,120,-,-,-,1203796843
632,Zheka07567,1219245.4,384620,217,-,-,-,7531584352
633,fitrifin,1217300.0,518000,135,-,-,-,6388811961
634,lexa_660,1216180.0,511000,138,-,-,-,1157092623
635,SleepingFlo,1215931.8599999999,321420,191,1.3,-,-,5983007427
636,LmaoLLLq,1212640.0,689000,60,1.1,-,-,6856821968
637,8427821627,1212506.1,434590,179,-,-,-,8427821627
638,Mesmaeilmohammadi,1212365.0,469000,135,1.1,-,-,7250139870
639,Aprokz,1207806.6,442420,173,-,-,-,6870603710
640,6207823431,1205519.7,476490,153,-,-,-,6207823431
641,Yasihozh,1202047.0,469000,133,1.1,-,-,7412286875
642,menjaw,1200480.0,488000,146,-,-,-,6302344726
643,egi4321,1196250.0,435000,175,-,-,-,7642107184
644,machisann,1195923.82,386530,138,1.3,-,-,1875667875
645,Ihatelifeandfuny,1195473.9,480110,149,-,-,-,6599875622
646,R_J_DIO,1194303.6,479640,149,-,-,-,7280241122
647,pakost_nik,1193100.0,582000,105,-,-,-,7032296263
648,Cecepyyy,1191050.0,415000,187,-,-,-,7645087030
649,giorgiwanderer,1190422.09,606430,51,1.3,-,-,661541015
650,sanoseke,1184878.8,626920,89,-,-,-,1304608658
651,MannyAntoni,1183941.36,382410,158,1.2,-,-,6345955249
652,7778538616,1182500.0,430000,175,-,-,-,7778538616
653,7095993005,1178244.0,426900,176,-,-,-,7095993005
654,Zyroseee,1177529.4300000002,870310,23,1.1,-,-,7103257871
655,Quickmanlol,1176824.0,622000,72,1.1,-,-,7055626263
656,JoostLint,1172840.0,436000,169,-,-,-,5278925766
657,Aleister_Crowley1,1172486.4,494720,137,-,-,-,7825881733
658,Nezuko0620,1171990.8,437310,168,-,-,-,6028649275
659,polzovatelbbbb,1170169.0,637000,67,1.1,-,-,6784986419
660,G_r_z_ly,1169193.2,554120,111,-,-,-,6173986981
661,6975353066,1165561.8,389820,199,-,-,-,6975353066
662,7103325997,1164400.0,410000,184,-,-,-,7103325997
663,Amirh0,1157112.0,487000,116,1.1,-,-,92723840
664,Drrezamo,1155616.0,469000,124,1.1,-,-,7248561492
665,7936880899,1152750.0,435000,165,-,-,-,7936880899
666,Dak_ak,1152000.0,720000,60,-,-,-,7951795160
667,5318719128,1151045.5,535370,115,-,-,-,5318719128
668,RobertTeras,1149290.0,409000,181,-,-,-,5041180360
669,lana7202,1147616.1,472270,143,-,-,-,1926293335
670,whenyouplaythisgame,1144802.0,558440,105,-,-,-,6318499665
671,BRielan,1144608.96,445720,114,1.2,-,-,2055413812
672,8436995688,1144450.0,487000,135,-,-,-,8436995688
673,F3DY4_5,1143450.0,495000,110,1.1,-,-,1114566121
674,1657632859,1136960.0,418000,172,-,-,-,1657632859
675,arsen6300,1136955.82,567910,82,1.1,-,-,1130492395
676,Vassilli0,1128786.4,474280,138,-,-,-,8139540457
677,7469535795,1125427.2,439620,156,-,-,-,7469535795
678,JohnHud58,1123120.0,404000,178,-,-,-,5091461634
679,fearmel,1122782.76,430680,137,1.1,-,-,2311763
680,AethersTele,1121412.6,328860,241,-,-,-,1538931570
681,7776446134,1121170.0,587000,91,-,-,-,7776446134
682,6961794496,1118750.0,625000,79,-,-,-,6961794496
683,AlexeiN85,1118428.5,550950,103,-,-,-,1175868704
684,doyzkieeeee,1118050.0,379000,195,-,-,-,6899754699
685,7337861837,1117770.0,1007000,11,-,-,-,7337861837
686,Lena_taran5,1114205.4,723510,54,-,-,-,750357377
687,lobster_199,1109501.0,541220,105,-,-,-,6689711602
688,In_Trance1,1107788.4,422820,162,-,-,-,7497149197
689,Romul_83,1107068.9,510170,117,-,-,-,692978688
690,domasniy,1102200.6600000001,538710,86,1.1,-,-,428516174
691,6970076277,1101464.0,476000,78,1.3,-,-,6970076277
692,RobertM8e2,1100260.0,406000,171,-,-,-,5058353398
693,Meldapapin,1097891.2,340960,222,-,-,-,7345400242
694,Prots33,1097126.4,571420,92,-,-,-,1157597630
695,5135684044,1096710.0,417000,163,-,-,-,5135684044
696,6973680201,1093500.0,450000,143,-,-,-,6973680201
697,sucrs3,1093391.3,490310,123,-,-,-,7183114516
698,bulent4343,1092276.2,430030,154,-,-,-,1022055102
699,alina_kosmo,1090250.0,445000,145,-,-,-,232974938
700,rinimuar,1088640.0,486000,124,-,-,-,6334616364
701,7598417318,1085280.0,408000,166,-,-,-,7598417318
702,alkairalf,1082160.0,501000,116,-,-,-,6404327267
703,anne_rgg,1081251.0,811750,11,1.2,-,-,5110091710
704,8143532564,1078200.0,599000,80,-,-,-,8143532564
705,Vaasyyl,1077120.0,272000,296,-,-,-,6389364106
706,Zoroami,1076757.0,487000,101,1.1,-,-,7368160523
707,SerhiiLDavydiuk,1076691.6,527790,104,-,-,-,474596683
708,arith3d,1074501.4500000002,360450,171,1.1,-,-,451022239
709,h2zoro,1071400.0,487000,100,1.1,-,-,7524748979
710,7851514959,1070944.4,453790,136,-,-,-,7851514959
711,idaw02,1070700.0,498000,115,-,-,-,6310352001
712,7409397924,1070493.6,593400,64,1.1,-,-,7409397924
713,7770141350,1068480.0,424000,152,-,-,-,7770141350
714,Magdale6RT,1062990.0,381000,179,-,-,-,5071887565
715,5290557621,1061080.8,498160,113,-,-,-,5290557621
716,itscatdog,1060652.8,514880,106,-,-,-,2050268148
717,AdaPatt1i,1055920.0,394000,168,-,-,-,5076101862
718,Kucherrrro,1050376.2,490830,114,-,-,-,1102833966
719,aphation,1043296.8,285600,181,1.3,-,-,731848123
720,mulgogy,1042080.0,501000,108,-,-,-,990954612
721,Romjk9,1041637.5,462950,125,-,-,-,7601012766
722,Zoroamir,1039258.0000000001,487000,94,1.1,-,-,7488124753
723,OrionBreakneck,1036424.7,437310,137,-,-,-,7895756083
724,Bbmant,1035342.0000000001,581000,62,1.1,-,-,7291861935
725,andreimartynov,1031616.0,518400,99,-,-,-,6266612133
726,Phoenix_f1re,1031346.0,954950,8,-,-,-,890094493
727,7140465531,1030750.0,824600,25,-,-,-,7140465531
728,Dima888222,1023225.0,584700,75,-,-,-,704272935
729,7539685593,1020178.8,492840,107,-,-,-,7539685593
730,ks_ss_senia,1019532.8,490160,108,-,-,-,494224695
731,AmirAk9694,1019180.0,389000,162,-,-,-,6009166937
732,eviboj,1018140.0,478000,113,-,-,-,6556404285
733,sparkle_DAO,1011725.0000000001,283000,225,1.1,-,-,6631792962
734,balestoo,1006300.0,347000,190,-,-,-,5049143955
735,7395885228,1005444.66,437340,109,1.1,-,-,7395885228
736,k9k646,1004850.0000000001,870000,5,1.1,-,-,5220224834
737,soldyou,999598.8,341160,193,-,-,-,1686793523
738,Maks_G7,997908.0,607000,37,1.2,-,-,1816011478
739,MikePatt,996387.0,474470,110,-,-,-,1431509805
740,LucasTa5ff,994280.0,371000,168,-,-,-,5027250941
741,Zhoufan033,991373.6,576380,72,-,-,-,7929796455
742,RickySanchz,988974.4,389360,154,-,-,-,7000856934
743,aalwwn,988380.0,323000,206,-,-,-,554054791
744,Pogizy3,988216.8,621520,59,-,-,-,7775578003
745,luckyQuach,988019.76,285720,166,1.3,-,-,2115983938
746,Lumia_scam,984233.2500000001,284050,215,1.1,-,-,6994622730
747,Alliluy_69,981350.0,392540,150,-,-,-,393891728
748,1458951836,981150.0,465000,111,-,-,-,1458951836
749,7927066327,978880.0,437000,124,-,-,-,7927066327
750,BlomsHelen,974610.0,357000,173,-,-,-,5054753779
751,bambastic94,971017.9600000001,343480,157,1.1,-,-,556771492
752,Antoniowfa,967873.5000000001,391060,125,1.1,-,-,1124057555
753,6940861615,966878.4,393040,146,-,-,-,6940861615
754,SeReGa19812,966020.8,561640,72,-,-,-,1842621941
755,PROCLESSS,965520.0,298000,170,1.2,-,-,824228851
756,Gennadiy_Dnepr,965470.2,519070,86,-,-,-,225782761
757,Elen_Kado,965220.3,397210,143,-,-,-,382441313
758,juwannndi,963021.6,816120,18,-,-,-,8190794195
759,7171159413,961350.0,377000,155,-,-,-,7171159413
760,7459181758,960057.0,326550,194,-,-,-,7459181758
761,DEimoN24,959311.5,454650,111,-,-,-,5078232738
762,sparkledao,958804.0000000001,283000,208,1.1,-,-,6653657312
763,Galaa111,956970.0,651000,47,-,-,-,7494003158
764,2019660158,947746.1,466870,103,-,-,-,2019660158
765,KevinSt73ss,946400.0,338000,180,-,-,-,5060870918
766,Picaito,946144.8,438030,116,-,-,-,253346994
767,dahlia_ds,945204.0,569400,66,-,-,-,7360096213
768,Chepkasov_A,942345.2,404440,133,-,-,-,785308733
769,whathishit9,940680.0,804000,17,-,-,-,6867024203
770,notkass,940126.0000000001,283000,202,1.1,-,-,304264566
771,printing_labs,935078.0,434920,115,-,-,-,772008696
772,anang230599,933240.1,377830,147,-,-,-,6577656916
773,7604198105,933071.4,575970,62,-,-,-,7604198105
774,zen_serg,929960.0,347000,168,-,-,-,567477719
775,yalomask,924000.0,400000,131,-,-,-,846523374
776,dmface,923680.7,383270,141,-,-,-,475113078
777,chdsk,923278.4,441760,109,-,-,-,464479046
778,FotiniaN,916203.8,472270,94,-,-,-,6608361878
779,7187491219,905052.0,454800,99,-,-,-,7187491219
780,Oceamira,903793.8,331060,173,-,-,-,974555404
781,OlegNovikov0111,901278.0,715300,26,-,-,-,5344766592
782,amiyahar,896100.0,435000,106,-,-,-,6682388054
783,6938368308,896057.6399999999,307290,143,1.2,-,-,6938368308
784,byysamie,893554.2,300860,197,-,-,-,7567816530
785,pitheorema,891004.8,530360,68,-,-,-,218780845
786,Johnny_Depp1992,890035.41,379870,113,1.1,-,-,136343597
787,isit_9,884520.0,756000,17,-,-,-,7715663907
788,5382849152,882116.4,471720,87,-,-,-,5382849152
789,tongread,880802.7800000001,304460,163,1.1,-,-,821419354
790,TonNotMeme,876573.36,394320,71,1.3,-,-,519607136
791,tomaswadep,875160.0,442000,98,-,-,-,6241156650
792,olanrl,874725.5,557150,57,-,-,-,5325535418
793,DashaHal_BITS,873600.0,336000,160,-,-,-,458314249
794,Karina_DOZ,869717.4,406410,114,-,-,-,1525677547
795,YYEELLL,869660.0,649000,34,-,-,-,1959477599
796,Everything_will_be_very_good,869236.9,302870,187,-,-,-,1314352002
797,oZoransky,867790.0000000001,343000,130,1.1,-,-,353688937
798,Art_Stalagnate,867588.0,440400,97,-,-,-,243009604
799,quangbnbhi,865800.0,390000,122,-,-,-,8196894525
800,SonyXperia5,864865.2,406040,113,-,-,-,801298067
801,shulika_v,863558.7,471890,83,-,-,-,993963086
802,narksu,861816.0,718180,20,-,-,-,192343819
803,vkirill9,860000.0,400000,115,-,-,-,340238343
804,Alyssaxdaemon,855978.0,478200,79,-,-,-,7086059299
805,AnitaWilson2020,852368.0000000001,668000,16,1.1,-,-,6889389416
806,8087055999,850126.4,440480,93,-,-,-,8087055999
807,crazik24,848160.0,589000,44,-,-,-,6739915676
808,Natalia_Lednik,847954.8,405720,109,-,-,-,556925447
809,7957203222,847590.4,331090,156,-,-,-,7957203222
810,Lorenzo_bob,844400.16,495540,42,1.2,-,-,1782435499
811,Solanagirrl,840056.0,428600,96,-,-,-,5319540335
812,checkmate6464,839862.4,403780,108,-,-,-,7910409125
813,igas17,839317.2,411430,104,-,-,-,1992216542
814,meks1kanec1337,831998.4,483720,72,-,-,-,999615889
815,akilexy06,829527.6,421080,97,-,-,-,7029750065
816,zloyguru,825474.9,466370,77,-,-,-,332817170
817,6767901200,823155.3,375870,119,-,-,-,6767901200
818,Vladimir_2007S,816660.0,349000,95,1.2,-,-,531532916
819,shhsf1,815619.2,351560,132,-,-,-,808510836
820,NewDay_NewWay,815034.0000000001,318000,133,1.1,-,-,923872801
821,PieroElSolo,808450.0,437000,85,-,-,-,1724215461
822,emerpuss29,808285.5,272150,197,-,-,-,5764942661
823,Vitaleov,806917.54,434060,69,1.1,-,-,526649874
824,simosha10,805320.7800000001,441030,66,1.1,-,-,5182570669
825,migrano,805194.0,279000,122,1.3,-,-,436992362
826,EthereaSkye,804855.6,449640,79,-,-,-,6197863333
827,oferly,798278.4,415770,92,-,-,-,153619140
828,ale55io,797536.8,738460,8,-,-,-,106333361
829,Yonitop,796730.0000000001,362150,100,1.1,-,-,5186845785
830,fox888i,796680.0,331950,140,-,-,-,470465514
831,TrueYAMA,796431.8700000001,317430,93,1.3,-,-,1830055948
832,lenochkapremudraya,795887.0,356900,123,-,-,-,1068793041
833,VMordo,782460.0,483000,62,-,-,-,5095079250
834,Bimerman,780402.0,557430,40,-,-,-,200651248
835,AleksDrago,777600.0,288000,170,-,-,-,416526493
836,6564275660,776860.0,277450,180,-,-,-,6564275660
837,rog11235,776770.0,449000,73,-,-,-,166699865
838,7778191239,775619.4,383970,102,-,-,-,7778191239
839,ahduc9,775320.0,364000,113,-,-,-,7548919769
840,AndreyKar,773265.5700000001,346290,103,1.1,-,-,408268536
841,boltikova,772870.0,427000,81,-,-,-,569256146
842,calibrovod,767250.0,341000,125,-,-,-,797664805
843,Igor9120,765746.8,351260,118,-,-,-,7042323423
844,SoulStealer888,764893.8,386310,98,-,-,-,1028574999
845,Kramzand,763960.0,269000,184,-,-,-,1217496992
846,alexshved777,762316.8300000001,334790,107,1.1,-,-,450340181
847,6607187866,761460.0,686000,11,-,-,-,6607187866
848,Jayjhon0213,761415.3,291730,161,-,-,-,7081240034
849,Moe_Sham3a,761300.0,331000,130,-,-,-,778366100
850,5898580536,759330.0,429000,77,-,-,-,5898580536
851,denisverr,756472.5,432270,75,-,-,-,732095900
852,DLeclairGrafton,754033.2800000001,389480,76,1.1,-,-,5277599360
853,bouje13,752199.0,358190,110,-,-,-,131466426
854,Aethereus_w,752180.0,143000,426,-,-,-,353043541
855,mew_mai,750339.2000000001,360740,60,1.3,-,-,5268819176
856,YSYS124,748770.0,340350,120,-,-,-,570094721
857,anatoli_dabyshuk,748214.7,329610,127,-,-,-,5311925719
858,GuraGawr_0620,747905.4,377730,98,-,-,-,1626838106
859,bhupendra07,747779.1,351070,113,-,-,-,851452067
860,jiagojo,746760.0,294000,154,-,-,-,7192103768
861,AleksWhite79,746668.56,267240,154,1.1,-,-,1241433422
862,aniooom,745778.0,684200,9,-,-,-,7660037791
863,Axeldiegoma,741967.3800000001,283410,138,1.1,-,-,958672625
864,ukigumo2,733937.6,303280,142,-,-,-,5350229583
865,Eowir,731109.73,241370,133,1.3,-,-,319174966
866,pwee3,730962.8,388810,88,-,-,-,5158394539
867,unityvv,730588.5,408150,79,-,-,-,1059717175
868,Arthur1989gh,730277.6,396890,84,-,-,-,2111012103
869,roganzii,727963.2,674040,8,-,-,-,7799783756
870,FoX0147852FoX,726392.0,359600,102,-,-,-,1794197937
871,Dark99Side,725940.0,654000,11,-,-,-,6134014922
872,dimesh76,725503.0,437050,66,-,-,-,438159110
873,5160976186,722988.0,475650,52,-,-,-,5160976186
874,Kahov4anin,722471.1,326910,121,-,-,-,1008707796
875,dvarbanets,717816.0,326280,100,1.1,-,-,885622962
876,Afriantis,716250.0,375000,91,-,-,-,697399566
877,Hoanganh1136,713737.2000000001,233400,178,1.1,-,-,1673531341
878,npatino,711154.08,365820,62,1.2,-,-,5825577973
879,fuhzannu,706967.1,574770,23,-,-,-,8233672492
880,POKER_FACE_85,706800.0,620000,14,-,-,-,7349091460
881,GinebraMordo,702380.0,406000,73,-,-,-,7690665393
882,7600980733,702121.0,436100,61,-,-,-,7600980733
883,7848942321,698868.0,431400,62,-,-,-,7848942321
884,AigaIscenko,696072.0,388000,38,1.3,-,-,1712114382
885,Perfyx,695147.2,394970,76,-,-,-,6138648437
886,rat3user,694340.0,233000,198,-,-,-,339603907
887,mira_frapp,694009.0,375140,85,-,-,-,375109871
888,7048017727,692715.5,337910,105,-,-,-,7048017727
889,chibaixxx,692264.1,344410,101,-,-,-,5068903698
890,Deymess,692031.6,591480,17,-,-,-,7133288825
891,alexgoodini13,691927.2,339180,104,-,-,-,7237970931
892,7266834964,690430.0,611000,13,-,-,-,7266834964
893,JellyBean85,690430.0,611000,13,-,-,-,812064700
894,Denverus7,689865.0,565000,11,1.1,-,-,7354578809
895,evgenijpalmer,684936.0,507360,35,-,-,-,6964726372
896,Evgeny_Galanov,682905.3,295630,131,-,-,-,1676725232
897,1319712056,682900.0,341450,100,-,-,-,1319712056
898,Tarant1noUA,680400.0,360000,89,-,-,-,579066145
899,mindmastering,678997.0,363100,70,1.1,-,-,528852287
900,gost2177,676482.0,436440,55,-,-,-,797001754
901,EmmaCharlotte95,675360.0,603000,12,-,-,-,1913133081
902,Mysyas_house,674220.8,390400,57,1.1,-,-,344358595
903,Notasete,673638.0,320780,110,-,-,-,773127581
904,Saaaamsa,670728.6,302130,122,-,-,-,758968202
905,humbleoudman,670666.92,311070,96,1.1,-,-,6558292429
906,Jenya1101,669438.0,531300,26,-,-,-,498875185
907,Crazyy_88,668710.0,382120,75,-,-,-,5730458783
908,andrey076V,668388.3,420370,59,-,-,-,1459199023
909,nikulinpark,668065.2,260150,114,1.2,-,-,304805526
910,7497801333,666120.0,366000,82,-,-,-,7497801333
911,imearlevan,666004.0,406100,64,-,-,-,7226639102
912,7826501676,665520.0,236000,182,-,-,-,7826501676
913,lytvynoleh,662360.0,571000,16,-,-,-,898195354
914,Royfernandez99,662310.0,223000,197,-,-,-,6327832080
915,kaaarlp,659890.7,554530,19,-,-,-,5921607767
916,neti96,659685.6,392670,68,-,-,-,5427142064
917,sodnik87,658252.4,319540,106,-,-,-,409451155
918,AndreyMalek,653604.0,301200,117,-,-,-,1054285386
919,6388230137,651160.0,446000,46,-,-,-,6388230137
920,Enmanuel443,650754.5,363550,79,-,-,-,7080046419
921,Greg4x,640923.6,496840,29,-,-,-,505939124
922,moureenid,638682.0,483850,32,-,-,-,6583212189
923,Vovan2772,638579.2,570160,12,-,-,-,8053529895
924,Cvic0003,636417.6,349680,82,-,-,-,996442508
925,Dile_mmafixer,634311.0,257850,146,-,-,-,6055604870
926,1544756804,632500.0,500000,15,1.1,-,-,1544756804
927,PandaCrew89,630585.0,389250,62,-,-,-,358709165
928,Kriver9,628186.1,458530,37,-,-,-,1511339605
929,sent_kits_i_nevis,625423.5,320730,95,-,-,-,264556972
930,notbadhuh,622395.5,336430,85,-,-,-,6301149340
931,esgenme,621040.0,554500,12,-,-,-,5324032583
932,loclocbi,620308.0,410800,51,-,-,-,7888041928
933,LatypovaElvira,620200.8,382840,62,-,-,-,1823722306
934,asdfkuneasdf,616841.4,209810,145,1.2,-,-,7272866151
935,arturkarv,615257.2,355640,73,-,-,-,308586743
936,katerina_kiras,612648.0,304800,101,-,-,-,722157546
937,7378360004,610867.2,318160,60,1.2,-,-,7378360004
938,cryptodze,610040.0,302000,102,-,-,-,1320384195
939,profiinvestor,608969.7,302970,101,-,-,-,372080575
940,gusdewa92,605943.47,261070,111,1.1,-,-,6636095544
941,psyho_logy,604200.0,318000,90,-,-,-,2120766776
942,scarecrow344,602759.6,205720,193,-,-,-,474390083
943,gabminhchau,602754.2,381490,58,-,-,-,5248950411
944,dersuuzala81,602600.0,524000,15,-,-,-,5296873350
945,Serejkka23,601600.0,320000,88,-,-,-,5152187988
946,demy_btc,601571.2,283760,112,-,-,-,5305424270
947,Tomoejo,601086.0,294650,104,-,-,-,5908627415
948,RekrekStaana,600278.4,416860,44,-,-,-,5087347395
949,Ciro80,598515.8,264830,126,-,-,-,341354078
950,Nastua_Nastusha,598210.0,367000,63,-,-,-,240324260
951,vs3md0bra,597169.2,292730,104,-,-,-,328664777
952,Psych0_DeLika,596105.9500000001,471230,15,1.1,-,-,396601777
953,sibakll,594770.2,555860,7,-,-,-,8165255749
954,fb8GVIlEcvcONvjc,591831.79,254990,111,1.1,-,-,487914982
955,7847821085,590790.0,419000,41,-,-,-,7847821085
956,CryptoDogsM,590241.9,333470,77,-,-,-,6781400746
957,7261384966,588432.4,330580,78,-,-,-,7261384966
958,gtyufd44,588343.5,268650,119,-,-,-,6735858934
959,DAV197726,586250.0,335000,75,-,-,-,180107873
960,vet_p,584864.2800000001,227220,134,1.1,-,-,149497009
961,1177379524,583908.84,274910,77,1.2,-,-,1177379524
962,Janpoooool,578606.8,325060,78,-,-,-,1916740580
963,hai89ls,576180.0,291000,98,-,-,-,7680964321
964,mngtA,574821.0,289000,53,1.3,-,-,191379927
965,Rikirikardo2009,574700.0,574700,0,-,-,-,1118953056
966,Marina_tigra1974,571487.4,235180,143,-,-,-,875709950
967,finzane,568119.6,556980,2,-,-,-,7959618878
968,dizamo,565319.04,221520,132,1.1,-,-,42492167
969,7364519456,564949.6,292720,93,-,-,-,7364519456
970,polbatona,562606.0,239000,114,1.1,-,-,92554686
971,Jhular120912,561177.0,271100,107,-,-,-,7024640391
972,Tio142,560000.0,500000,12,-,-,-,7452257204
973,GreedSns,559170.0,513000,9,-,-,-,1648649636
974,plasmasg,558955.2,202520,130,1.2,-,-,570645433
975,sskeymoon,556571.4,240940,131,-,-,-,6026195840
976,wullnni,551050.0,535000,3,-,-,-,8118207978
977,akensiro,549529.2,277540,98,-,-,-,201795724
978,496939198,548105.7,275430,99,-,-,-,496939198
979,yasin_B_65,547624.0,311150,76,-,-,-,2037045858
980,Ez_ppp,544320.0,486000,12,-,-,-,2011840113
981,o1avit,542568.0,282000,48,1.3,-,-,5884079775
982,krewsky,541893.6,247440,119,-,-,-,1686641206
983,uaiann,537159.0,511580,5,-,-,-,8461912769
984,chrysler777,536452.0,394450,36,-,-,-,5100373117
985,Vas_26,536250.0,325000,65,-,-,-,470666397
986,serventy,535444.03,247090,97,1.1,-,-,7962525029
987,MikePerry,535150.0,385000,39,-,-,-,139208852
988,Nancript,532394.85,174270,135,1.3,-,-,1148245739
989,taktaz333,531597.4,248410,114,-,-,-,5980345673
990,SerDN10,530654.8500000001,272550,77,1.1,-,-,616013573
991,Bake3112,530424.0,417000,6,1.2,-,-,5074128855
992,Tulibad,530352.0,254000,74,1.2,-,-,414435554
993,Barry_Fung,529446.06,239460,101,1.1,-,-,419642695
994,plxsk,529081.5,285990,85,-,-,-,1033944076
995,laxus3092,526990.0,349000,51,-,-,-,1873015174
996,tottip777,526470.0,241500,118,-,-,-,405698817
997,NatalyaUA,525172.8,261280,101,-,-,-,306681667
998,Rajusardar,524755.0,203000,135,1.1,-,-,707349777
999,Regsbologo,523668.4,319310,64,-,-,-,6737755088
1000,7576246986,520891.2,284640,83,-,-,-,7576246986
1001,ykot10,520093.2,279620,86,-,-,-,5831113095
1002,NikaFirs,517293.0,273700,89,-,-,-,1729444291
1003,ya_nazar1,516902.4,269220,92,-,-,-,371695527
1004,SERELDA,516890.00000000006,254000,85,1.1,-,-,6280182281
1005,RB116,514280.0,299000,72,-,-,-,407926679
1006,5205400470,512568.8,287960,78,-,-,-,5205400470
1007,Maxyjrs,511822.0,269380,90,-,-,-,6598439813
1008,AnyaNaNaN,511820.0,314000,63,-,-,-,439528836
1009,yur_mor235,510804.0,283780,80,-,-,-,1947314625
1010,Raodon83,509691.6,257420,98,-,-,-,5866704423
1011,DK_1307,509200.0,268000,90,-,-,-,410532380
1012,Jaeger52,507180.0,321000,58,-,-,-,683287911
1013,hmo0504,507107.0,283300,79,-,-,-,1493489643
1014,Eyes075g,504779.8,248660,103,-,-,-,6359033119
1015,DxtYan,503690.0,209000,141,-,-,-,273102188
1016,dbcueto1,501635.0,244700,105,-,-,-,1345194372
1017,directorzavoda777,498143.6,264970,88,-,-,-,2029635904
1018,akatsuki0423,496470.0,201000,147,-,-,-,5294739621
1019,kmnhy0302,495819.0,278550,78,-,-,-,5343019184
1020,HubCrypt,493082.1,260890,89,-,-,-,1813750628
1021,mushop74,491928.4,201610,144,-,-,-,385825403
1022,6453587748,484908.0,285240,70,-,-,-,6453587748
1023,alexlego,484619.4,320940,51,-,-,-,226546068
1024,7097140141,484577.1,256390,89,-,-,-,7097140141
1025,NikitaKOTnikitos,483480.0,306000,58,-,-,-,6866728014
1026,vika_lev3,482790.0,209000,131,-,-,-,7089818923
1027,Dozzy9,481656.3,239630,101,-,-,-,895366610
1028,6041999738,481317.0,289950,66,-,-,-,6041999738
1029,Sk181286,480240.0,261000,84,-,-,-,531347109
1030,Mehak1999,478602.9,321210,49,-,-,-,934733060
1031,8166190177,477524.8,292960,63,-,-,-,8166190177
1032,AjAlph,477484.8,306080,56,-,-,-,1231958026
1033,Demosthenes11,477153.82000000007,303340,43,1.1,-,-,7084808387
1034,EngineeringOfficeABA1,477096.0,247200,93,-,-,-,642747013
1035,Bossfai21,476790.2,263420,81,-,-,-,6565905915
1036,7005930628,475952.4,257550,68,1.1,-,-,7005930628
1037,MedAlex81,474810.0,249900,90,-,-,-,323490492
1038,Hellraiserx01,474467.39999999997,255090,55,1.2,-,-,1799152230
1039,EkosAres,473390.4,324240,46,-,-,-,6105697452
1040,Ldfl04,471680.4,287610,64,-,-,-,1023424675
1041,RYOTA111,469530.4,243280,93,-,-,-,2142832545
1042,jump111goo,468312.5,368750,27,-,-,-,162317110
1043,mtsmtsa,466440.0,276000,69,-,-,-,6806488674
1044,greennoni0n,466306.5,282610,65,-,-,-,5418518677
1045,5441994497,466203.0,245370,90,-,-,-,5441994497
1046,t0utvabi3n,465262.4,252860,84,-,-,-,1717054210
1047,mirdad1408,463931.4,377180,23,-,-,-,726889439
1048,ykot28,462770.0,264440,75,-,-,-,407963883
1049,6764540804,461587.3,257870,79,-,-,-,6764540804
1050,Opaw111,461270.0,239000,93,-,-,-,8007243462
1051,KIG6060,461020.0,259000,78,-,-,-,517400935
1052,mhegz_19,460320.0,274000,68,-,-,-,5777612832
1053,akochkurkin,455910.0,273000,67,-,-,-,264951236
1054,Standart201,454417.6,249680,82,-,-,-,494512334
1055,StephenGarfieldXyanthe,454406.4,329280,38,-,-,-,1860594419
1056,dat9k,454064.0,306800,48,-,-,-,7544502664
1057,Barfein11,452640.0,276000,64,-,-,-,827023195
1058,hiob23,451694.7,218210,107,-,-,-,5106501384
1059,luyu8,451444.0,280400,61,-,-,-,407258801
1060,Crackid1,450283.68000000005,162440,152,1.1,-,-,919521948
1061,no1chair,449803.2,255570,76,-,-,-,6688667304
1062,Saturn26rus,449440.0,424000,6,-,-,-,42457442
1063,Ivanushka83,449325.8,291770,54,-,-,-,1367535339
1064,m0322m,448800.0,374000,20,-,-,-,2060511894
1065,Gennadiy_Kurmanenko,448254.0,276700,62,-,-,-,5374130464
1066,TheSwoleHermit,445404.96,135960,152,1.3,-,-,633851641
1067,MReza_Rahimi,444532.8,250300,48,1.2,-,-,573403982
1068,vanichart,444230.4,231370,92,-,-,-,452390659
1069,taupimu,443700.0,255000,74,-,-,-,6556989920
1070,OlgaLoseva,440376.3,257530,71,-,-,-,297235230
1071,rafaell_k,436544.5,235970,85,-,-,-,5494629209
1072,iharsumar,436501.4,400460,9,-,-,-,1134515352
1073,Mapogo01,431392.0,176800,144,-,-,-,2122719721
1074,FaRT8oXo,429108.9,229470,87,-,-,-,394639919
1075,newdimon,429034.32000000007,180570,116,1.1,-,-,320527256
1076,R_A_0506,428230.0,229000,87,-,-,-,471866639
1077,GreenSneik09,427589.8,353380,21,-,-,-,7221231231
1078,7303066101,427440.0,312000,37,-,-,-,7303066101
1079,Niglosushi,425961.0,267900,59,-,-,-,5629402705
1080,ArtVost,425850.0,255000,67,-,-,-,662381209
1081,Soln_shka89,425157.3,248630,71,-,-,-,964136356
1082,kemalikaa,423300.0,255000,66,-,-,-,7151339070
1083,6869800839,422717.0,367580,15,-,-,-,6869800839
1084,1010093125,422675.00000000006,265000,45,1.1,-,-,1010093125
1085,896638420,420321.6,291890,44,-,-,-,896638420
1086,Ririii_qq,420307.2,218910,92,-,-,-,1991406933
1087,5381723872,418528.0,288640,45,-,-,-,5381723872
1088,7731458843,417906.0,383400,9,-,-,-,7731458843
1089,AlisaAlias,417632.6,271190,54,-,-,-,586445202
1090,Evgeniaven77,417200.0,280000,49,-,-,-,828307911
1091,Roman_LZ7,416039.4,233730,78,-,-,-,660533255
1092,Jujun18,415782.4,236240,76,-,-,-,6824253900
1093,D_Jabi,410040.0,134000,206,-,-,-,6458935696
1094,Kurmanenko_Gennadiy,409790.4,231520,77,-,-,-,7095937144
1095,1906653964,408478.46,111820,181,1.3,-,-,1906653964
1096,7817622240,408240.0,216000,89,-,-,-,7817622240
1097,tauetamu,406980.0,238000,71,-,-,-,6954229129
1098,sveto_therapy,406000.0,290000,40,-,-,-,6154531879
1099,paullorenzz,404914.0,209800,93,-,-,-,7456579638
1100,Arti_911,404250.0,231000,75,-,-,-,1328593004
1101,polymonger,402930.0,217800,85,-,-,-,1011476846
1102,MolVManto,402683.4,253260,59,-,-,-,7448282581
1103,Oleg_Htr,402560.0,296000,36,-,-,-,5848419279
1104,1309749412,402504.0,259680,55,-,-,-,1309749412
1105,evmoscvov,400129.8,283780,41,-,-,-,1058293209
1106,Partyzan123,399500.0,235000,70,-,-,-,87429490
1107,6376759845,399030.0,283000,41,-,-,-,6376759845
1108,5451463093,397905.0,161750,146,-,-,-,5451463093
1109,ingreso_alvin,397458.4,216010,84,-,-,-,1516506015
1110,dkorshunov,397219.2,236440,68,-,-,-,390135489
1111,7736432194,396573.0,295950,34,-,-,-,7736432194
1112,Nikita_maslyakov,396567.5,255850,55,-,-,-,5494048900
1113,hyuruusu,396438.5,184390,115,-,-,-,5478585446
1114,NastjaPiatran,395460.0,234000,69,-,-,-,1778408681
1115,ThandaButhelezi,395173.8,250110,58,-,-,-,1563746205
1116,Dekosss,395048.94000000006,291980,23,1.1,-,-,842106316
1117,hillockes,394933.00000000006,223000,61,1.1,-,-,1882229300
1118,lev_xo,394627.2,195360,102,-,-,-,222327278
1119,7976413163,394000.0,200000,97,-,-,-,7976413163
1120,tedsamavn,393251.6,193720,103,-,-,-,6873358561
1121,Duck_durk,392700.0,210000,87,-,-,-,7079527193
1122,gunduzs17,392355.6,179650,82,1.2,-,-,1508330504
1123,7256405969,392040.0,392040,0,-,-,-,7256405969
1124,1254199134,390824.3,225910,73,-,-,-,1254199134
1125,Eaalex,389708.0,229240,70,-,-,-,526923301
1126,Jack_kredok,389369.5,210470,85,-,-,-,872090162
1127,Hilkonata,389360.0,248000,57,-,-,-,7340992605
1128,7086334768,385416.0,214120,80,-,-,-,7086334768
1129,Kjnighti,384953.8,249970,54,-,-,-,936399257
1130,vladpoznyak97,384928.0,240580,60,-,-,-,1447753463
1131,BukvaUuuuuuu,384850.0,215000,79,-,-,-,642548522
1132,binhnbt,384710.0,248200,55,-,-,-,1745365450
1133,7555309305,384347.92000000004,239320,46,1.1,-,-,7555309305
1134,7677818163,383468.8,184360,108,-,-,-,7677818163
1135,mikesvetlov,383442.5,219110,75,-,-,-,835790243
1136,Cryptonoob2024,382965.0,255310,50,-,-,-,7743142853
1137,1371643683,382846.4,258680,48,-,-,-,1371643683
1138,Yyyvvji,381133.6,188680,102,-,-,-,1958999422
1139,Slava_odessa,381067.8,334270,14,-,-,-,437229378
1140,Sonata_Odessa,380968.5,230890,65,-,-,-,344337503
1141,brainqdead,380292.00000000006,172000,101,1.1,-,-,372055503
1142,partyguy07,379342.2,240090,58,-,-,-,842051803
1143,xxVanilliNxx,378240.0,236400,60,-,-,-,729818889
1144,KENG_KENG15,377017.2,199480,89,-,-,-,2023210690
1145,makarenko_sd,376171.6,254170,48,-,-,-,129301243
1146,Leonid557,374925.6,217980,72,-,-,-,1481688099
1147,7536216295,371800.0,220000,69,-,-,-,7536216295
1148,7583548667,371070.0,171000,117,-,-,-,7583548667
1149,chamuchamu,370508.4,183420,102,-,-,-,5730025709
1150,Seriy89,370435.2,197040,88,-,-,-,666982546
1151,ratfm,370296.0,200160,85,-,-,-,110012229
1152,Mukolajchic,369561.6,256640,44,-,-,-,1680421632
1153,airdrop_ad,368525.2,205880,79,-,-,-,523432114
1154,OrangeVol86,367500.0,245000,50,-,-,-,5398352096
1155,Takaccho,367070.4,210960,74,-,-,-,1951071942
1156,YuriiSergi,363600.0,202000,80,-,-,-,1755907034
1157,alexodessit,361398.0,291450,24,-,-,-,1122016519
1158,Andriy_Moskalenko,360696.8,199280,81,-,-,-,1067691237
1159,Natlam85,360680.0,254000,42,-,-,-,5092276545
1160,alex61354024,359982.0,114280,215,-,-,-,5658187060
1161,Michaeldeleon09,359681.4,210340,71,-,-,-,411293916
1162,MagicNinjaX,359260.0,253000,42,-,-,-,1644381684
1163,Leonid1el,359160.0,246000,46,-,-,-,1235225813
1164,Ya_dev1s,357836.1,328290,9,-,-,-,156956643
1165,diman999,357764.0,173000,88,1.1,-,-,159072439
1166,Engrlouie,357600.0,240000,49,-,-,-,1527786101
1167,stanislav56,357308.0,255220,40,-,-,-,94662552
1168,rene_smir,357000.0,210000,70,-,-,-,1970420945
1169,Azurester,356847.1,206270,73,-,-,-,5600580750
1170,oooppp2323,356774.4,208640,71,-,-,-,5368306984
1171,5075858518,354928.8,216420,64,-,-,-,5075858518
1172,PatatasGg,353780.0,133000,166,-,-,-,6680444890
1173,Barsobyk,352340.0,223000,58,-,-,-,1679167823
1174,6905649960,352308.0,259050,36,-,-,-,6905649960
1175,borya12135,351730.8,214470,64,-,-,-,5384183927
1176,masoouddd,351592.67000000004,189130,69,1.1,-,-,465809117
1177,ladadens1995,351440.0,191000,84,-,-,-,6893279905
1178,mrwhat2,349351.2,144360,142,-,-,-,219910695
1179,hqlk2016,348838.3,222190,57,-,-,-,5020376275
1180,Yurko82,347560.4,202070,72,-,-,-,245815610
1181,Jeeaaar,346680.0,214000,62,-,-,-,1674889929
1182,Olraknav,345979.8,189060,83,-,-,-,7142962960
1183,7870022392,345280.0,332000,4,-,-,-,7870022392
1184,LightMario,344293.6,175660,96,-,-,-,5501915279
1185,Missionalis,344229.5,186070,85,-,-,-,7101192740
1186,bogdangoncharenko,343793.2,209630,64,-,-,-,1619819735
1187,qura006,343700.0,196400,75,-,-,-,852006868
1188,6822782495,343463.0,180770,90,-,-,-,6822782495
1189,Mohit704798,343390.0,298600,15,-,-,-,945552246
1190,Bap20199,343296.0,190720,80,-,-,-,1603982207
1191,8059651462,340984.5,219990,55,-,-,-,8059651462
1192,7592977913,340835.7,169570,101,-,-,-,7592977913
1193,7615506719,338988.0,319800,6,-,-,-,7615506719
1194,labus1971,338726.8,238540,42,-,-,-,210899063
1195,Ning310,337840.0,206000,64,-,-,-,6424183132
1196,cutefayeee,336786.4,221570,52,-,-,-,7305394927
1197,nickkoss,336086.1,228630,47,-,-,-,555260584
1198,alexander3891,335947.2,243440,38,-,-,-,293684864
1199,maha1511,334691.2,204080,64,-,-,-,1634164262
1200,samaraoh,333103.6,225070,48,-,-,-,6800547719
1201,Vitaxanet,333102.0,226600,47,-,-,-,5555141731
1202,Kristi_summer,333060.0,183000,82,-,-,-,1466020089
1203,kvardan,332895.2,183920,81,-,-,-,465124713
1204,uaeshah,332800.8,241160,38,-,-,-,222823662
1205,GuestUser17,332640.0,154000,116,-,-,-,6057188286
1206,795236055,332000.0,100000,232,-,-,-,795236055
1207,Cucu_Caba,331965.8,203660,63,-,-,-,6044189405
1208,CryptologSan,331400.4,190460,74,-,-,-,6553349354
1209,Aleksei_CC,330373.2,199020,66,-,-,-,1640759865
1210,truskauka,330237.0,218700,51,-,-,-,400327024
1211,6885164100,329310.8,152600,66,1.3,-,-,6885164100
1212,MoneyForYou99,328860.0,243600,35,-,-,-,777256257
1213,dana121067o,328246.0,200150,64,-,-,-,6884410033
1214,deerbyy,328059.48000000004,250810,9,1.2,-,-,874109198
1215,AlekseiTimoschuk,327096.8,177770,84,-,-,-,884534574
1216,Aleks25nik,326879.4,223890,46,-,-,-,6188202688
1217,pidzhakov7,326302.5,234750,39,-,-,-,5050024706
1218,haruhifree,326160.0,302000,8,-,-,-,7244847937
1219,Getskamed,325304.0,175840,85,-,-,-,6115032906
1220,olya55588,325131.6,252040,29,-,-,-,5574508527
1221,unitO1,323610.0,201000,61,-,-,-,165304028
1222,HAL_mon,321646.0,139000,78,1.3,-,-,6348080605
1223,laymoutraval,321098.4,191130,68,-,-,-,1632710547
1224,MSist_SUI,319200.0,190000,68,-,-,-,1271099926
1225,sNicks777,318860.0,214000,49,-,-,-,1300152411
1226,ast1z,318037.4,223970,42,-,-,-,945229578
1227,brotherXC90,317557.8,170730,86,-,-,-,537629672
1228,Don_Jucchini,315122.1,198190,59,-,-,-,391174244
1229,yarohicho,314496.0,168000,44,1.3,-,-,1911387338
1230,yangchigi,313503.0,202260,55,-,-,-,639200267
1231,XABPyH,313500.0,285000,10,-,-,-,5142914287
1232,Viktor_v19,312976.0,201920,55,-,-,-,5112088127
1233,dinesh3165,312141.6,192680,62,-,-,-,1370792414
1234,Alex_Zarakovskiy,310730.0,193000,61,-,-,-,859627010
1235,kafkef3,310080.0,204000,52,-,-,-,1266042111
1236,kindbaek,309306.6,169020,83,-,-,-,518994569
1237,mor_sava,309176.4,198190,56,-,-,-,5601955302
1238,1783273435,309107.2,188480,64,-,-,-,1783273435
1239,7935528632,308880.0,286000,8,-,-,-,7935528632
1240,Taishin32,306979.2,174420,76,-,-,-,816756665
1241,NS_GaT,306404.7,173110,77,-,-,-,5449576216
1242,817305567,305216.0,200800,52,-,-,-,817305567
1243,Astil_Johnson,305138.4,186060,64,-,-,-,5659266170
1244,sangraal123,304109.0,149000,57,1.3,-,-,6108639960
1245,mr_telekilogram,303921.75,147750,87,1.1,-,-,874149696
1246,alexeisaleev,303544.8,161460,88,-,-,-,681409719
1247,7938466079,302551.6,182260,66,-,-,-,7938466079
1248,crypto_protector619,302465.2,184430,64,-,-,-,6938521107
1249,Elmer0420,302111.8,191210,58,-,-,-,1999945604
1250,M002355,300874.4,183460,64,-,-,-,5157204681
1251,silmirion,300599.0,231230,30,-,-,-,129631849
1252,ND_1L,300560.0,289000,4,-,-,-,1557464414
1253,7182447200,300440.0,203000,48,-,-,-,7182447200
1254,Paldont14,299484.0,169200,77,-,-,-,7485936908
1255,AKotsyuba,298800.0,119520,150,-,-,-,431640543
1256,DimCamon,298715.2,200480,49,-,-,-,6797570996
1257,Devilucy,298598.0,172600,73,-,-,-,5705887673
1258,Oxmakseth,298242.0,213030,40,-,-,-,644072451
1259,artemvlko,297410.4,151740,96,-,-,-,1098208241
1260,stepxup,296292.4,213160,39,-,-,-,384291956
1261,TYBuON,294300.0,270000,9,-,-,-,7281029368
1262,life_debug_config,293637.6,215910,36,-,-,-,511481747
1263,bewithsun,292959.1,220270,33,-,-,-,522540014
1264,eraybtc,292935.5,156650,87,-,-,-,381955491
1265,1040124548,291320.4,184380,58,-,-,-,1040124548
1266,oczrum,290997.7,146230,99,-,-,-,1104436661
1267,T011XA,290700.0,170000,71,-,-,-,1065914192
1268,gastondefi,290030.0,194000,15,1.3,-,-,1628981727
1269,Clellan,289884.0,118320,145,-,-,-,5175888711
1270,AnneteWhite,289748.4,162780,78,-,-,-,5211213655
1271,SATANA_00000,289228.8,258240,12,-,-,-,7574739168
1272,belch4nok,289072.0,180670,60,-,-,-,1966035531
1273,Scorp2022,288827.0,187550,54,-,-,-,874446801
1274,Ncpcngz,288562.5,168750,71,-,-,-,5202677447
1275,1931614137,288396.0,240330,20,-,-,-,1931614137
1276,rla78,287610.4,146740,96,-,-,-,6398099225
1277,Dfvest,286328.4,153940,86,-,-,-,5626632298
1278,mrotar,286230.0,203000,41,-,-,-,883112568
1279,Tutsya,286215.9,180010,59,-,-,-,660830847
1280,Ponocka85,286080.9,177690,61,-,-,-,1146853685
1281,Pawan966,285988.3,159770,79,-,-,-,999462629
1282,Pain23mvp,285616.5,189150,51,-,-,-,481839927
1283,mgndoc,284868.0,173700,64,-,-,-,578044015
1284,moji1441,284224.8,205960,38,-,-,-,6170362683
1285,ipxyQW,283500.0,270000,5,-,-,-,6949321702
1286,Novator_bit,283424.4,112470,152,-,-,-,452068443
1287,P_Evstyunin,283240.8,174840,62,-,-,-,633530236
1288,Eka_118,282489.1,189590,49,-,-,-,7123758306
1289,Sukhye,282308.3,222290,27,-,-,-,961457527
1290,Inna080489,282199.5,171030,65,-,-,-,6746765240
1291,8099515883,281888.0,176180,60,-,-,-,8099515883
1292,Andreirebit,281442.6,173730,62,-,-,-,1685257925
1293,6052846853,281386.5,188850,49,-,-,-,6052846853
1294,Bereznichenko,281137.5,191250,47,-,-,-,1093613500
1295,Leonidas77777,280633.5,158550,77,-,-,-,5394638166
1296,coinsget,280603.4,210980,33,-,-,-,842971750
1297,Ravichouhan100,280140.0,174000,61,-,-,-,6402064948
1298,Hukepuk,280042.0,168700,66,-,-,-,1608645395
1299,The_SaiLoR_The,279350.0,185000,51,-,-,-,1751040287
1300,EugenBel_Dev,279195.8,191230,46,-,-,-,452662768
1301,JamesOnRed23,279020.4,177720,57,-,-,-,6879129355
1302,Kons_Karanikolas,278822.4,203520,37,-,-,-,1504890512
1303,a_l_exandr,278372.8,183140,52,-,-,-,5236520486
1304,8255198466,278300.0,110000,153,-,-,-,8255198466
1305,yuriydr79,278012.8,170560,63,-,-,-,427389334
1306,Heung23,278000.0,200000,39,-,-,-,993175190
1307,skoty72,277855.2,165390,68,-,-,-,249767927
1308,adman2017,277720.0,262000,6,-,-,-,7526379685
1309,5107857910,277650.0,154250,80,-,-,-,5107857910
1310,Hiroshi556677,277354.0,180100,54,-,-,-,6522316217
1311,viktor_stor,277062.5,193750,43,-,-,-,1302240955
1312,capjoe38,276000.0,240000,15,-,-,-,505285016
1313,igortig,275702.4,191460,44,-,-,-,1041335217
1314,lenaard,275682.8,126460,118,-,-,-,1894790286
1315,1828381201,275660.0,179000,54,-,-,-,1828381201
1316,danyakakdela,275613.0,191000,11,1.3,-,-,425193085
1317,Cicatrix_2040,275100.0,262000,5,-,-,-,6952206059
1318,kamaz0th0d0v,274032.0,158400,73,-,-,-,7244560416
1319,nYarkz18,273738.96,115210,116,1.1,-,-,5591072966
1320,galoshtime,273481.0,193000,9,1.3,-,-,838300424
1321,From0To10K,272667.5,155810,75,-,-,-,1611015148
1322,squall78,272642.6,153170,78,-,-,-,450333910
1323,charLeeTzy,272491.7,152230,79,-,-,-,5344275493
1324,JulieKotova,272403.0,159300,71,-,-,-,217144830
1325,MegaStar83,272226.0,153800,77,-,-,-,7472177159
1326,Soborna9,271420.0,165500,64,-,-,-,6593363320
1327,8306987127,271374.0,145900,86,-,-,-,8306987127
1328,OleksandrSulya,271078.0,163300,66,-,-,-,1246813488
1329,SaifulB25,270988.8,141140,92,-,-,-,6919239755
1330,groza567,270840.0,244000,11,-,-,-,5225088887
1331,BeckoningGabgab,269860.0,262000,3,-,-,-,7271998005
1332,Gozinbae,269595.6,154940,74,-,-,-,1310739504
1333,tovar_Consolato,267240.0,262000,2,-,-,-,7496303698
1334,acinarparietals,267240.0,262000,2,-,-,-,7393053849
1335,mithraize_chicken,267240.0,262000,2,-,-,-,7458949863
1336,LordBonxi,266529.6,185090,44,-,-,-,5110638937
1337,6158557290,265599.6,180680,47,-,-,-,6158557290
1338,Cartman_90,265530.0,167000,59,-,-,-,5186738193
1339,7532594221,265326.6,172290,54,-,-,-,7532594221
1340,Dimasss191,264320.0,236000,12,-,-,-,502892933
1341,7564877245,263585.7,189630,39,-,-,-,7564877245
1342,n_pestretsova,263422.5,159650,65,-,-,-,1665788692
1343,owabUU,262500.0,250000,5,-,-,-,7361177372
1344,416927223,262113.6,150640,74,-,-,-,416927223
1345,ob752,261000.0,180000,45,-,-,-,7135696522
1346,Phryzz,259581.08000000002,156280,51,1.1,-,-,6681122878
1347,1221793038,257751.9,158130,63,-,-,-,1221793038
1348,8062492454,256984.0,183560,40,-,-,-,8062492454
1349,pulemetchik4,256960.0,146000,76,-,-,-,820946765
1350,GermaniaADA,255675.3,181330,41,-,-,-,6016055348
1351,rolandspade,255411.2,199540,28,-,-,-,6487032642
1352,Misha11tari,255312.2,112970,126,-,-,-,5024404488
1353,vicdev80,255133.5,229850,11,-,-,-,874405516
1354,MedAleks81,255075.2,161440,58,-,-,-,1895085866
1355,kiki642,254880.0,236000,8,-,-,-,7032428437
1356,PosleBog,254826.0,157300,62,-,-,-,7001361911
1357,406702884,254167.0,149510,70,-,-,-,406702884
1358,arindammroy,253884.8,186680,36,-,-,-,680211471
1359,messiah_05,253453.2,192010,32,-,-,-,6380883426
1360,WindmillGig,253445.75999999998,97780,116,1.2,-,-,5611341700
1361,Strfri,252960.0,85000,148,1.2,-,-,1173299055
1362,iWookiee,252905.2,236360,7,-,-,-,1941537273
1363,bakhteevrr,252648.00000000003,174000,32,1.1,-,-,1039978897
1364,maks_u7,252444.0,130800,93,-,-,-,257856348
1365,crumb_di,252349.24000000002,146120,57,1.1,-,-,2010411462
1366,Vadim_Ilyasov,252150.0,205000,23,-,-,-,1313655838
1367,oo7DJ,251135.2,118460,112,-,-,-,1672556646
1368,Steps1985,250414.8,194120,29,-,-,-,6388286606
1369,tunguyen290794,250297.6,165760,51,-,-,-,6377411137
1370,Josebriceno1,250185.54,160170,42,1.1,-,-,5137950403
1371,babperman,249431.2,149360,67,-,-,-,6950713619
1372,Vhon1995,249313.68,134910,68,1.1,-,-,6709376525
1373,GAlex_81,248777.5,130250,91,-,-,-,534177104
1374,631871678,248500.0,175000,42,-,-,-,631871678
1375,kapa48,248086.8,145080,71,-,-,-,557334514
1376,kydoxzol,248076.0,206730,20,-,-,-,482686606
1377,Worden_Aleksandr,247900.0,185000,34,-,-,-,741113595
1378,GreenGoNV,247771.7,204770,21,-,-,-,511943013
1379,Kuts_000,247534.3,146470,69,-,-,-,7587743998
1380,loved0123344,246958.2,144420,71,-,-,-,5943878657
1381,6159408544,246483.6,173580,42,-,-,-,6159408544
1382,Vanderrusty,246438.5,142450,73,-,-,-,1048417510
1383,6650014218,246265.9,163090,51,-,-,-,6650014218
1384,SantoryuU3,246000.0,246000,0,-,-,-,1162798851
1385,imaq80,245882.0,98000,93,1.3,-,-,5226997941
1386,Jaysens,245553.0,159450,54,-,-,-,328982525
1387,mhackzckietot,243860.0,178000,37,-,-,-,6673815041
1388,madamMNG,243789.5,161450,51,-,-,-,1297190626
1389,UpViewMarketing,243524.6,201260,21,-,-,-,730151615
1390,5247436344,243140.3,143870,69,-,-,-,5247436344
1391,Andvanguard,243135.3,145590,67,-,-,-,6735835856
1392,wu_crypto,242874.72000000003,153330,44,1.1,-,-,1008452020
1393,7315949289,242642.7,158590,53,-,-,-,7315949289
1394,cjprix,242551.3,160630,51,-,-,-,1736969442
1395,AbdulkadirHTY,242277.0,145950,66,-,-,-,5036433284
1396,metamaxi,241916.0,122800,97,-,-,-,125758300
1397,nhangthien,241695.8,180370,34,-,-,-,6426824335
1398,ZabihullahMayar,241676.0,155920,55,-,-,-,162507739
1399,aikmann87,241441.2,121940,98,-,-,-,114798182
1400,telegaolegas,241268.4,138660,74,-,-,-,5284785220
1401,EvroMaks,241049.6,188320,28,-,-,-,827237984
1402,tonyyyyy123,240896.0,150560,60,-,-,-,1330123722
1403,syham08,240700.0,166000,45,-,-,-,7398724229
1404,konpedalniii,239696.0,168800,42,-,-,-,1250631098
1405,Jurez27,239464.8,151560,58,-,-,-,5761303769
1406,nuts_zuki,239438.1,150590,59,-,-,-,5245080067
1407,artARTUart,239413.2,153470,56,-,-,-,706559092
1408,ARlNSH,239077.2,143160,67,-,-,-,377981897
1409,FliXD,238700.0,154000,55,-,-,-,478643727
1410,DAMA2305,238260.0,114000,109,-,-,-,681913631
1411,Margo_88,237356.0,169540,40,-,-,-,294090781
1412,taherhpam,236964.0,169260,40,-,-,-,1528019916
1413,1733219188,236870.4,140160,69,-,-,-,1733219188
1414,5161817345,236368.0,149600,58,-,-,-,5161817345
1415,VikSum2024,236160.0,164000,44,-,-,-,420114491
1416,433856244,235818.0,142920,65,-,-,-,433856244
1417,tesco23,234414.0,130230,80,-,-,-,5948589830
1418,Sarms98,234083.9,140170,67,-,-,-,712968865
1419,Gagaisi,233926.00000000003,98000,117,1.1,-,-,589097335
1420,keMojya,233664.0,146040,60,-,-,-,1791206078
1421,eternal757,233601.9,135030,73,-,-,-,382464630
1422,Parviznikk,233501.07000000004,127110,67,1.1,-,-,245676668
1423,logologo91,232960.0,224000,4,-,-,-,7458349978
1424,Andrey_199507,232880.0,164000,42,-,-,-,1695255828
1425,Ivanova_ns83,232243.2,143360,62,-,-,-,671967296
1426,emerzonlouie,231120.0,216000,7,-,-,-,1936611073
1427,TROSXO,231100.8,101360,128,-,-,-,5543007239
1428,cantel_admiiin22,230666.0,118900,94,-,-,-,715425834
1429,vluko4,230523.2,151660,52,-,-,-,5955643091
1430,Frekfam,230193.8,133060,73,-,-,-,346826718
1431,mrSw1ft,229775.0,131300,75,-,-,-,517065339
1432,7727668027,229745.6,157360,46,-,-,-,7727668027
1433,devnhax,229672.3,160610,43,-,-,-,2145039685
1434,Evgen8341,229598.3,167590,37,-,-,-,1872600825
1435,7322713016,229545.9,150030,53,-,-,-,7322713016
1436,nastealittle,229135.19999999998,136390,40,1.2,-,-,1307951914
1437,highbrows_seism,228980.0,214000,7,-,-,-,7154313678
1438,akito111,228330.0,152220,50,-,-,-,5127668029
1439,Zik0019,228044.8,174080,31,-,-,-,1520156773
1440,Crashnet85,227853.0,157140,45,-,-,-,580236714
1441,Negrito48,226898.6,155410,46,-,-,-,6227814722
1442,5138278027,226842.5,146350,55,-,-,-,5138278027
1443,Corporealclavodeltoid,226840.0,212000,7,-,-,-,7419545172
1444,Deprive2065,226840.0,212000,7,-,-,-,7522088669
1445,5329164753,226630.0,131000,73,-,-,-,5329164753
1446,8052899884,226598.4,134880,68,-,-,-,8052899884
1447,PeterLndO,226501.2,148040,53,-,-,-,354732092
1448,FierSnow,226471.5,127950,77,-,-,-,1199561313
1449,Deus_a_nativitate,225957.2,120190,88,-,-,-,530617671
1450,figgisch,225670.8,124680,81,-,-,-,1112268173
1451,YuretsYuR,225409.8,153340,47,-,-,-,1820544672
1452,Menskiemoves143,225388.5,162150,39,-,-,-,6868106949
1453,5114560326,225381.8,98420,129,-,-,-,5114560326
1454,ken667788,224921.40000000002,192900,6,1.1,-,-,1480317913
1455,iEMysd,224720.0,212000,6,-,-,-,7026780114
1456,Unripening_1990,224720.0,212000,6,-,-,-,7195636196
1457,Cadasterwooled,224720.0,212000,6,-,-,-,7023510432
1458,elenkavesna,224545.5,166330,35,-,-,-,373269404
1459,Sanyair,224123.6,161240,39,-,-,-,664026012
1460,JuriBarinov,224092.0,185200,21,-,-,-,517475020
1461,Cool225,223640.1,146170,53,-,-,-,5749436242
1462,korosensei136,223072.5,127470,75,-,-,-,5675551923
1463,Skipjack_1984,222560.0,214000,4,-,-,-,7486801070
1464,amir_6113,221482.0,149650,48,-,-,-,247264840
1465,izallouh,221381.2,181460,22,-,-,-,736180658
1466,kinguri_san,220838.4,153360,44,-,-,-,6716935574
1467,DetailerPolystylar,220480.0,208000,6,-,-,-,7277230173
1468,repassablelandings,220480.0,208000,6,-,-,-,7465861204
1469,maxx2475,220440.0,132000,67,-,-,-,797278609
1470,5540970666,220035.2,131600,52,1.1,-,-,5540970666
1471,Ctefano1,219838.5,209370,5,-,-,-,5436105930
1472,T0DDT,219565.5,133070,65,-,-,-,980020977
1473,BipolarBeetle,219564.0,203300,8,-,-,-,7104892092
1474,mmk_user,219426.9,136290,61,-,-,-,5037543485
1475,thanvu125,219265.2,174020,26,-,-,-,6189158256
1476,7793167398,219091.6,129640,69,-,-,-,7793167398
1477,artsimpatiya,218493.6,154960,41,-,-,-,480441622
1478,YzzsDU,218400.0,208000,5,-,-,-,7465800123
1479,ashleigh1982,218400.0,208000,5,-,-,-,6735275240
1480,alinavio,218178.0,140760,55,-,-,-,723106653
1481,krolko,218130.0,165250,32,-,-,-,153247628
1482,folken111,217683.0,127300,71,-,-,-,5560585511
1483,OnlTXr,216320.0,208000,4,-,-,-,7082752839
1484,OrkSub,216152.0,131800,64,-,-,-,1791742939
1485,Cooljeck,215940.0,143960,50,-,-,-,1329040762
1486,peacock1838,215820.0,198000,9,-,-,-,7104793733
1487,KhVYFY,215820.0,198000,9,-,-,-,7375034030
1488,Hillock_triplopia,215820.0,198000,9,-,-,-,7546868723
1489,Evgeniy8829,215820.0,198000,9,-,-,-,422101943
1490,burritopau,215560.8,146640,47,-,-,-,341704142
1491,Pocokongz,215028.0,118800,81,-,-,-,827319341
1492,MaxxLeo74,214672.5,148050,45,-,-,-,1659117956
1493,anhelina_kulykova,214000.0,200000,7,-,-,-,7587775979
1494,vita_potapenko,214000.0,200000,7,-,-,-,7926939748
1495,71125746,213762.5,171010,25,-,-,-,71125746
1496,Immkyy,213261.1,126190,69,-,-,-,1955644198
1497,Lunamoonfang1968,213072.0,110400,93,-,-,-,6347154615
1498,ivanykovych02,212814.0,168900,26,-,-,-,1148642184
1499,Egor3845,212760.0,108000,97,-,-,-,766060189
1500,Egor_psy,212387.7,159690,33,-,-,-,928971254
1501,onlyksh,212190.0,160750,32,-,-,-,910702120
1502,Aware_1821,212000.0,200000,6,-,-,-,7358124349
1503,6449739444,211995.0,121140,75,-,-,-,6449739444
1504,SKserge,211515.0,141010,50,-,-,-,1442295192
1505,komarado8,210574.0,115700,82,-,-,-,1891262279
1506,5334965230,210517.4,144190,46,-,-,-,5334965230
1507,AlekseiMatwur127,210075.9,148990,41,-,-,-,1030139836
1508,juliennesancon,209880.0,198000,6,-,-,-,7348538122
1509,KydPcB,209880.0,198000,6,-,-,-,7474194873
1510,AliceFoxy,209856.0,131160,60,-,-,-,243105507
1511,Evgenia77,208980.0,162000,29,-,-,-,1704689362
1512,Amaren19,208431.6,133610,56,-,-,-,1293434056
1513,loverosewine,208162.5,118950,75,-,-,-,624570685
1514,ArtOfMassages,208103.0,134260,55,-,-,-,6999381040
1515,zinaidakazakova73,208000.0,200000,4,-,-,-,7856951156
1516,taunting_Urinaries,207900.0,198000,5,-,-,-,6728820528
1517,emourgues,207900.0,135000,54,-,-,-,5257285489
1518,7479514747,207627.8,131410,58,-,-,-,7479514747
1519,CololiteJaborin,207580.0,194000,7,-,-,-,7002861208
1520,adavay2,207570.0,187000,11,-,-,-,6484280162
1521,thebeloved00,207501.0,101220,105,-,-,-,5051792158
1522,6389197434,207270.0,141000,47,-,-,-,6389197434
1523,prateeks90,207115.6,119720,73,-,-,-,1012333267
1524,Vladislav_43,207037.6,134440,54,-,-,-,308120399
1525,SamNego2022,207000.0,138000,50,-,-,-,5134788246
1526,Carlo_Mati,206075.2,139240,48,-,-,-,153154885
1527,caridean_Articulate,206000.0,200000,3,-,-,-,7440038592
1528,QyVAHx,205920.0,198000,4,-,-,-,6066685119
1529,archy_like,205740.0,162000,27,-,-,-,486517467
1530,mandrill_Enormously,205640.0,194000,6,-,-,-,7363997216
1531,Organismalvmintegral,205640.0,194000,6,-,-,-,7020678044
1532,hZHkdv,205640.0,194000,6,-,-,-,6540110162
1533,2082693125,205296.0,122200,68,-,-,-,2082693125
1534,SeyS4,204714.0,113730,80,-,-,-,549532267
1535,ChizhE,204556.5,156150,31,-,-,-,599764090
1536,vov4ik_st,204409.0,143950,42,-,-,-,597264948
1537,7654892458,204059.7,125190,63,-,-,-,7654892458
1538,Cccccnfdg9,204032.5,155750,31,-,-,-,5805532927
1539,KRwxxD,203940.0,198000,3,-,-,-,7337545189
1540,7980087011,203574.8,142360,43,-,-,-,7980087011
1541,Dolareslatinos,203338.0,107020,90,-,-,-,1985922041
1542,Filou06,202158.9,132130,53,-,-,-,1260842170
1543,Erastus_Biabo,201960.0,198000,2,-,-,-,6918215928
1544,Sapotasupershow,201960.0,198000,2,-,-,-,7143165658
1545,m1shGunEZ,201960.0,153000,32,-,-,-,906143281
1546,SanyaViKinG87,201828.4,147320,37,-,-,-,1119671151
1547,gut_Zoobenthoic,201760.0,194000,4,-,-,-,7531726516
1548,Red7474,201314.0,162350,24,-,-,-,986921932
1549,1964794859,200467.8,171340,17,-,-,-,1964794859
1550,qwerty1234544,200453.4,159090,26,-,-,-,158322542
1551,Nadyushka_G12,200254.8,91860,118,-,-,-,921063437
1552,TOleg67,200020.0,137000,46,-,-,-,460325191
1553,ihorkhyzhniak,199732.0,119600,67,-,-,-,391242014
1554,TbungB,199498.32,103260,61,1.2,-,-,1005832250
1555,blank4z,198444.4,128860,54,-,-,-,1867400418
1556,pegons,198315.0,122040,25,1.3,-,-,370991732
1557,5120024203,198104.4,169320,17,-,-,-,5120024203
1558,pilip_chyk,197934.0,119960,65,-,-,-,460137417
1559,korati69,197544.3,118290,67,-,-,-,2034089404
1560,7318646263,197417.4,130740,51,-,-,-,7318646263
1561,poIlos,197340.00000000003,156000,15,1.1,-,-,408320257
1562,GolDGartes,197312.5,157850,25,-,-,-,1678079269
1563,Solguz3,196509.6,116970,68,-,-,-,909668442
1564,kolyan26rus92,196500.0,131000,50,-,-,-,563029090
1565,AKCAHOM,196425.0,67500,191,-,-,-,771280033
1566,BIEJKNOV,196410.8,132710,48,-,-,-,6768411520
1567,targetinsta,195840.0,153000,28,-,-,-,288599645
1568,AxelFoll,195338.7,153810,27,-,-,-,1554925473
1569,7935630360,194388.0,116400,67,-,-,-,7935630360
1570,7802823206,194337.0,117780,65,-,-,-,7802823206
1571,EugenePaparazzy,194110.0,138650,40,-,-,-,459699175
1572,719325629,193911.2,78190,148,-,-,-,719325629
1573,kab_s,193880.0,131000,48,-,-,-,866536859
1574,adrianholo,193774.5,130050,49,-,-,-,6946829475
1575,Alexey01K,193480.0,138200,40,-,-,-,403444310
1576,6170149127,193328.8,122360,58,-,-,-,6170149127
1577,Vitaliy179,192780.1,118270,63,-,-,-,1145164565
1578,leocrypto6,192760.0,158000,22,-,-,-,6739731217
1579,Nishanth_Velu,192614.4,145920,32,-,-,-,939085741
1580,YaPankMnePohyi,192517.5,144750,33,-,-,-,543459669
1581,SpoG14,192403.2,145760,32,-,-,-,7179114624
1582,tommy05111,192349.5,130850,47,-,-,-,5362352779
1583,GeanPR,192132.0,118600,62,-,-,-,7038125586
1584,oceans_shinya,192000.4,129730,48,-,-,-,535362033
1585,Jumintens,191574.4,146240,31,-,-,-,6699828488
1586,FinnoCr,191540.8,108830,76,-,-,-,360281767
1587,Ala_Igor_Kuzmin,191348.6,114580,67,-,-,-,514726175
1588,1298046593,191318.4,113880,68,-,-,-,1298046593
1589,sjqoqoj,191250.0,125000,53,-,-,-,6022846483
1590,Mr_serjo,190972.6,104930,82,-,-,-,1782506893
1591,EugenioAI,190964.4,172040,11,-,-,-,8195131326
1592,Toogodym,190800.0,120000,59,-,-,-,430539055
1593,Andrey899,190563.2,153680,24,-,-,-,373051713
1594,916146377,190345.6,139960,36,-,-,-,916146377
1595,TomCoer,189912.6,117230,62,-,-,-,5104441865
1596,Aitch_1801,189520.0,184000,3,-,-,-,7281451668
1597,Sergiy28,189440.0,128000,48,-,-,-,462073087
1598,7120009081,189073.8,137010,38,-,-,-,7120009081
1599,AlexOneRo,188807.2,89060,112,-,-,-,490461944
1600,hidedayo,188403.6,122340,54,-,-,-,7356697204
1601,barbabianca80,188322.3,110130,71,-,-,-,652478174
1602,Alluringcherished,188320.0,176000,7,-,-,-,7138754521
1603,entredeux_brigandine,188320.0,176000,7,-,-,-,6421362792
1604,Begemotik579,188013.0,127900,47,-,-,-,5107657090
1605,Dmitrii_Dyldin,187770.6,128610,46,-,-,-,1184341156
1606,Cthors,187632.0,104240,80,-,-,-,2075130615
1607,7719281612,187600.0,134000,40,-,-,-,7719281612
1608,TobinBellSaw,187401.5,131050,43,-,-,-,1443263863
1609,soberite,187332.0,139800,34,-,-,-,1900523761
1610,panisheer,187116.8,110720,69,-,-,-,595108249
1611,n_i_n_a_o,186500.1,104190,79,-,-,-,793283539
1612,Hychick,185955.0,112700,65,-,-,-,503643382
1613,loismamego,185926.8,113370,64,-,-,-,6557809944
1614,1654799007,185902.8,125610,48,-,-,-,1654799007
1615,StillBull1sh,185542.5,112450,65,-,-,-,1944528843
1616,Xamidov7,185136.0,165300,12,-,-,-,2953143
1617,jgIPjT,184800.0,176000,5,-,-,-,7026947448
1618,Sizyakin83,184518.0,91800,101,-,-,-,926957619
1619,Markys123456,184260.0,111000,66,-,-,-,7159358310
1620,aivantsov,183982.5,120250,53,-,-,-,54371903
1621,7501342074,183965.6,121030,52,-,-,-,7501342074
1622,Kate_scorpiosha,183489.6,109220,68,-,-,-,837999894
1623,Chipmunk_dreaminess,183380.0,173000,6,-,-,-,7445518104
1624,cocoy2013,183210.4,86420,112,-,-,-,1237797559
1625,x_RafLuc_x,182952.00000000003,126000,32,1.1,-,-,78328647
1626,SAW0829,182702.4,134340,36,-,-,-,415762434
1627,will_be_added,182208.0,96000,46,1.3,-,-,781800640
1628,Robboob,182023.6,100900,64,1.1,-,-,404522139
1629,7431772554,181984.0,113740,60,-,-,-,7431772554
1630,lybinav,181704.6,131670,38,-,-,-,1034886852
1631,yDTWRa,181280.0,176000,3,-,-,-,7230739629
1632,SoninaVictoria,181050.0,120700,50,-,-,-,7336443683
1633,Antifowlunacted,180960.0,174000,4,-,-,-,7492604004
1634,kirill_korolevich,180734.4,125510,44,-,-,-,330359095
1635,Dohickey,180710.4,99840,81,-,-,-,2135303637
1636,G71Igor,180502.0,128930,40,-,-,-,1281717248
1637,edo4696,180481.0,112100,61,-,-,-,1286959765
1638,xnMao8w,180000.0,125000,44,-,-,-,7194946005
1639,yevheniia_mykhailova9,179760.0,168000,7,-,-,-,7802199674
1640,hanna_boichenko,179760.0,168000,7,-,-,-,7868223727
1641,JNWYMc,179760.0,168000,7,-,-,-,7325384283
1642,Ujenya2,179572.8,100320,79,-,-,-,5918112431
1643,camdenPolyphone,179520.0,176000,2,-,-,-,6445140878
1644,perfectmay,179508.0,128220,40,-,-,-,2386701
1645,koexto,179352.0,141000,6,1.2,-,-,432925218
1646,kin0110,179331.90000000002,87650,86,1.1,-,-,6682150535
1647,d1arab,179310.0,139000,29,-,-,-,374646391
1648,Sexiness_addicted,179220.0,174000,3,-,-,-,7522525232
1649,enchikkcc,178800.0,149000,20,-,-,-,7007536572
1650,Konsper8,178479.8,125690,42,-,-,-,870428215
1651,1599789115,178467.0,115140,55,-,-,-,1599789115
1652,s2a1n,178458.93000000002,117330,17,1.3,-,-,407210368
1653,Insanity71,178267.4,107390,66,-,-,-,6725051267
1654,BasterMark,178120.0,122000,46,-,-,-,656762393
1655,novator161,177629.4,151820,17,-,-,-,2113385079
1656,L_U_X_Fero,177608.4,99780,78,-,-,-,7345553763
1657,BigGamerX,177530.7,117570,51,-,-,-,493226389
1658,Starenesha,176644.0,111800,58,-,-,-,314600063
1659,6853128075,176531.4,108970,62,-,-,-,6853128075
1660,inesa_vashchenko,176400.0,168000,5,-,-,-,7218671027
1661,marharyta_dovzhenko,176400.0,168000,5,-,-,-,7800174213
1662,1411015285,175996.8,108640,62,-,-,-,1411015285
1663,Fill1985,175500.0,117000,50,-,-,-,971460144
1664,iseeyourlife,174640.0,118000,48,-,-,-,623253552
1665,HashemsAtelier,174295.5,133050,31,-,-,-,5416905200
1666,iris171,174105.4,108140,61,-,-,-,5434747648
1667,Ivanna_diza,173574.4,117280,48,-,-,-,963176244
1668,DedikAlles,173530.5,105170,65,-,-,-,556602475
1669,768253122,173363.1,114810,51,-,-,-,768253122
1670,5666283307,173360.4,118740,46,-,-,-,5666283307
1671,Bogdan7852,173278.4,117080,48,-,-,-,720239479
1672,7211378951,172780.0,106000,63,-,-,-,7211378951
1673,ad_targ3t,172620.0,126000,37,-,-,-,684841725
1674,348881016,172388.8,105760,63,-,-,-,348881016
1675,CAWA30,171876.6,136410,26,-,-,-,1110492008
1676,Lhon21_M,171696.0,153300,12,-,-,-,7027588732
1677,AntonBel4,171175.2,106320,61,-,-,-,6810759369
1678,ChadChris,170901.5,148610,15,-,-,-,5558923890
1679,Basuki3084,170482.8,139740,22,-,-,-,5349658817
1680,IMCase,170042.84,86360,79,1.1,-,-,884869101
1681,yakym,169905.4,108220,57,-,-,-,292627205
1682,6275041918,169400.0,154000,10,-,-,-,6275041918
1683,6843438635,169298.7,120070,41,-,-,-,6843438635
1684,Revtyuh,169104.0,108400,56,-,-,-,1544581622
1685,Cyberblazer,169070.72,116120,12,1.3,-,-,5458875996
1686,BulbashK,169050.0,105000,61,-,-,-,1072581387
1687,1586374992,168947.02000000002,67660,127,1.1,-,-,1586374992
1688,Kustinski,168414.1,122930,37,-,-,-,327416975
1689,alextwinner,168350.0,134680,25,-,-,-,6998494039
1690,Dremmos,168029.4,109110,54,-,-,-,7756642082
1691,ToanHK,167818.3,100490,67,-,-,-,1386678163
1692,VasiaNeVasia,167700.0,129000,30,-,-,-,531076048
1693,slepOI69,167440.0,91000,84,-,-,-,5247691813
1694,Kloshe1,167222.7,112230,49,-,-,-,351686360
1695,zerozero_blue,167150.3,100090,67,-,-,-,6609654641
1696,834999792,166800.0,104250,60,-,-,-,834999792
1697,Evgeniip2975,166500.0,90000,85,-,-,-,318735245
1698,basileAspiring,166320.0,154000,8,-,-,-,7504905878
1699,IK0nstantinI,166302.5,139750,19,-,-,-,34623039
1700,Fgzwwru,166090.4,124880,33,-,-,-,6369058184
1701,5050894570,165933.6,112880,47,-,-,-,5050894570
1702,llemonadee,165749.2,135860,22,-,-,-,600880446
1703,682071409,165424.0,103390,60,-,-,-,682071409
1704,markantonina,165164.0,105200,57,-,-,-,5108177437
1705,shadrindenis,165118.5,109350,51,-,-,-,612407951
1706,SwfAmateur,165100.0,130000,27,-,-,-,1971353612
1707,7815900536,164766.4,122960,34,-,-,-,7815900536
1708,973994910,164535.4,115870,42,-,-,-,973994910
1709,5845884888,164513.7,127530,29,-,-,-,5845884888
1710,NastiaSkvortsova,164421.2,139340,18,-,-,-,123269621
1711,Lewroni,164116.8,141480,16,-,-,-,441978206
1712,ModrisTrulis,163209.1,97730,67,-,-,-,823924777
1713,YariloYaroslav,163194.8,149720,9,-,-,-,1573367502
1714,6630773332,162911.76,107320,38,1.1,-,-,6630773332
1715,woodtick,162870.0,89000,83,-,-,-,507629714
1716,HeroFang,162461.6,121240,34,-,-,-,838631031
1717,cheburahapnz,162440.0,124000,31,-,-,-,131405280
1718,DzhhAW,161700.0,154000,5,-,-,-,7501911167
1719,dicanho,161549.30000000002,90100,63,1.1,-,-,485933332
1720,Basile2021,161318.3,112810,43,-,-,-,1372034811
1721,caglarcrypto,161198.4,93720,72,-,-,-,1518593400
1722,Earl_Brante,160920.5,65150,90,1.3,-,-,606794314
1723,7435002146,160466.4,116280,38,-,-,-,7435002146
1724,ykb123456,160410.6,127310,26,-,-,-,7262571270
1725,bookberlet,159999.6,105960,51,-,-,-,6539980625
1726,byproductsprorebate,159840.0,148000,8,-,-,-,7068198320
1727,PeppeRoncino27,159752.4,97410,64,-,-,-,6698554755
1728,srhcnchl,159696.0,110900,44,-,-,-,1665753665
1729,Nebulae99,159652.2,115690,38,-,-,-,1737738365
1730,Vitas73,158522.0,113230,40,-,-,-,426070051
1731,seint_SEED,158360.40000000002,79980,80,1.1,-,-,6502480395
1732,YJTXig,158360.0,148000,7,-,-,-,7495481652
1733,Josky22,158110.4,118880,33,-,-,-,6894993039
1734,akum3,157998.6,97530,62,-,-,-,7327962550
1735,Eng331,157723.3,113470,39,-,-,-,2057000606
1736,inathzky,157700.0,95000,66,-,-,-,866110424
1737,vaucheriaceousMoirai,157680.0,146000,8,-,-,-,7324825043
1738,Arcane_1877,157680.0,146000,8,-,-,-,7544986212
1739,chukchi1830,157680.0,146000,8,-,-,-,7484899805
1740,qFpiRy,157680.0,146000,8,-,-,-,7254886599
1741,RoTUpW,157680.0,146000,8,-,-,-,7533622309
1742,Yurii_WYG,157430.4,84640,86,-,-,-,1104031762
1743,697699768,157378.0,121060,30,-,-,-,697699768
1744,BATSKIBOAT,157109.4,124690,26,-,-,-,1508801386
1745,kremsarostik,156980.0,94000,67,-,-,-,353295426
1746,MikiProvince,156940.0,118000,33,-,-,-,329418350
1747,fxuBSw,156880.0,148000,6,-,-,-,7469894158
1748,Raincoatshadowgraphy,156880.0,148000,6,-,-,-,7369650691
1749,Battlegrounds_projacient,156880.0,148000,6,-,-,-,7048907474
1750,maximilym,156520.0,91000,72,-,-,-,1576117406
1751,BS_Lexx,156423.2,95380,64,-,-,-,440095997
1752,Michal81,156377.6,102880,52,-,-,-,1564245359
1753,Aleksandr_311075,156262.4,122080,28,-,-,-,1258719442
1754,liddlemiss,156261.0,106300,47,-,-,-,7181157731
1755,jounces_Ooecium,156220.0,146000,7,-,-,-,7426415944
1756,7693376660,156117.06000000003,127860,11,1.1,-,-,7693376660
1757,pinchmari,155884.8,112960,38,-,-,-,5937248854
1758,1567955519,155680.0,112000,39,-,-,-,1567955519
1759,halm03,155641.5,115290,35,-,-,-,64621219
1760,Vovasem09,155621.4,106590,46,-,-,-,773586364
1761,choudaa,155088.0,114880,35,-,-,-,1672337458
1762,Ljubovv,155057.0,91210,70,-,-,-,429476104
1763,zhannademydova,154760.0,146000,6,-,-,-,7314049638
1764,vo_sen,154437.66,63870,86,1.3,-,-,494719470
1765,xCUuMb,153300.0,146000,5,-,-,-,7219291305
1766,beaulieu_1976,153300.0,146000,5,-,-,-,7410295316
1767,8087257421,152862.6,96140,59,-,-,-,8087257421
1768,Llenchik79,152322.0,95800,59,-,-,-,718304565
1769,Emmank15,152252.4,107220,42,-,-,-,1020223233
1770,Yuri_sank,152209.5,107950,41,-,-,-,572980501
1771,Leejinki14,152173.8,99460,53,-,-,-,1122121674
1772,2037276029,152124.0,108660,40,-,-,-,2037276029
1773,Aleks_pion_3,152064.0,96000,44,1.1,-,-,372099716
1774,Engineman_2008,151840.0,146000,4,-,-,-,7529147789
1775,AJ1N1,151800.0,92000,65,-,-,-,5137803118
1776,hellish_ran,151728.2,113230,34,-,-,-,850672784
1777,MAJINGILAN,151683.0,72230,110,-,-,-,1623149884
1778,LamersMustDie,151252.5,117250,29,-,-,-,360946554
1779,Ichingoo,151200.9,117210,29,-,-,-,1290364219
1780,Selank,151042.5,102750,47,-,-,-,1649449663
1781,AnastaSea_jp,151007.2,121780,24,-,-,-,1350376997
1782,7208344656,150960.0,148000,2,-,-,-,7208344656
1783,leonidovich_3112,150693.4,124540,21,-,-,-,6632134528
1784,taqqoosaka,150531.6,106760,41,-,-,-,5207196849
1785,MmDNcF,150520.0,142000,6,-,-,-,7395488686
1786,RAGNAROK9428,150505.6,134380,12,-,-,-,1339151430
1787,smoldering_chadars,150380.0,146000,3,-,-,-,6426228793
1788,Yatigancrozer,150380.0,146000,3,-,-,-,6856104818
1789,glasswarefifes,150380.0,146000,3,-,-,-,7375223248
1790,rudiyos,150350.4,94560,59,-,-,-,548342296
1791,sidnei_safs,150024.0,71440,110,-,-,-,5276473841
1792,MisterJaloux,149834.4,100560,49,-,-,-,731110988
1793,iWtnLR,149330.0,137000,9,-,-,-,7524552551
1794,tensaida1029_Sui,149282.1,97570,53,-,-,-,7019790265
1795,shefik001,149241.4,96910,54,-,-,-,391581056
1796,Mikrokot15,149156.8,105040,42,-,-,-,1418796049
1797,siniy124,149069.9,75670,97,-,-,-,542849945
1798,7784156077,148676.0,95920,55,-,-,-,7784156077
1799,maks_ukraine,148566.0,112550,32,-,-,-,549037892
1800,deniiison,148554.9,126970,17,-,-,-,193181247
1801,7896772258,148364.0,102320,45,-,-,-,7896772258
1802,Serz1988,147988.4,124360,19,-,-,-,5201236225
1803,fantomace,147980.0,98000,51,-,-,-,108465016
1804,pooh1980,147660.3,96510,53,-,-,-,585234044
1805,Rfsh88,147485.8,120890,22,-,-,-,99427603
1806,7198289141,147400.0,134000,10,-,-,-,7198289141
1807,gserran99,147063.0,98700,49,-,-,-,6337927253
1808,BigboyPelayo,146652.0,66000,102,1.1,-,-,7039478002
1809,2100605622,146632.5,99750,47,-,-,-,2100605622
1810,MikhMan,146265.0,73500,99,-,-,-,333542722
1811,alialtintop,146102.6,92470,58,-,-,-,1376914097
1812,Vets_87,145908.0,108080,35,-,-,-,640210118
1813,ghdtka13879,145700.0,94000,55,-,-,-,2139077754
1814,Gurus68,145503.0,107780,35,-,-,-,1521673099
1815,eva_valeri,145341.0,115350,26,-,-,-,515007074
1816,1067827984,145305.2,110920,31,-,-,-,1067827984
1817,6699751819,145006.1,86830,67,-,-,-,6699751819
1818,Uriy14,144785.5,93410,55,-,-,-,908944838
1819,lych666,144462.7,103930,39,-,-,-,363246433
1820,deemitrich,144414.0,101700,42,-,-,-,6000375342
1821,fserran99,144375.6,104620,38,-,-,-,414199240
1822,mikaamr,144347.94,76740,71,1.1,-,-,1213187742
1823,ArtWasp,144257.8,101590,42,-,-,-,176336988
1824,excommunicado13,144180.0,89000,62,-,-,-,890152490
1825,7337816378,144174.8,116270,24,-,-,-,7337816378
1826,Goger777,144000.0,100000,44,-,-,-,5565465561
1827,Tretyakovlife,143985.6,133320,8,-,-,-,318553153
1828,Cycy0707,143858.0,130780,10,-,-,-,6499403404
1829,7993982402,143829.4,100580,43,-,-,-,7993982402
1830,KitsuneRFG,143548.0,105550,36,-,-,-,6286479467
1831,1616092442,143483.2,89120,61,-,-,-,1616092442
1832,Airyaja,143022.4,100720,42,-,-,-,7066148120
1833,7089545469,142740.0,54900,100,1.3,-,-,7089545469
1834,ZfcyXs,142480.0,137000,4,-,-,-,7364210498
1835,Sapyanina21,142410.0,141000,1,-,-,-,5102916842
1836,dave944,142380.0,126000,13,-,-,-,497810505
1837,AndreyVasiliev,142203.2,114680,24,-,-,-,187336291
1838,Konjan,142199.2,125840,13,-,-,-,872492464
1839,yurikomar,141460.4,99620,42,-,-,-,724052029
1840,BooBooPie,141328.0,96800,46,-,-,-,1017277303
1841,mopsick1337,141312.0,110400,28,-,-,-,5940434138
1842,Oseniiiii,141300.0,90000,57,-,-,-,306817312
1843,5859316699,140760.0,102000,38,-,-,-,5859316699
1844,Exceptionallycute,140714.1,91970,53,-,-,-,704831568
1845,franky807,140472.5,80270,75,-,-,-,5351320658
1846,Molluscansabele,140000.0,125000,12,-,-,-,7410827510
1847,Bidjo13,139500.0,90000,55,-,-,-,563549367
1848,banjiha,139430.2,85540,63,-,-,-,1735753265
1849,Krisstalik2334,138927.6,125160,11,-,-,-,5861428096
1850,darrio_real,138768.0,123900,12,-,-,-,5583426818
1851,seve90seve,138495.0,131900,5,-,-,-,1981982697
1852,Dolphin_TZ,138441.6,104880,32,-,-,-,6883609711
1853,1878297405,138402.3,99570,39,-,-,-,1878297405
1854,Tundraray,138361.8,87020,59,-,-,-,101393170
1855,Keniu14,138240.0,108000,28,-,-,-,5239126731
1856,Veroanh,138063.4,92660,49,-,-,-,6748545065
1857,7817763189,137800.0,130000,6,-,-,-,7817763189
1858,klamint,137766.72,63840,66,1.3,-,-,5126412297
1859,6189886248,137440.8,68040,102,-,-,-,6189886248
1860,Ebrahim1987gh,137431.8,113580,21,-,-,-,117658822
1861,dominoshka_1980,137360.0,101000,36,-,-,-,1201853658
1862,Salim1984,137280.0,96000,43,-,-,-,1886492353
1863,6525792832,137088.0,85680,60,-,-,-,6525792832
1864,Ekaterine_98,136988.2,102230,34,-,-,-,909783981
1865,Nunsuko,136806.12,64440,93,1.1,-,-,7937379999
1866,Aleksey_Arta,136791.8,76420,79,-,-,-,363531306
1867,Shtorm13777,136770.0,97000,41,-,-,-,5247087710
1868,DsUgFe,136730.0,121000,13,-,-,-,6774279097
1869,cryptobikerok,136530.3,96830,41,-,-,-,416872219
1870,Alexander08042,136224.0,94600,44,-,-,-,1051032166
1871,2036525234,135914.2,97780,39,-,-,-,2036525234
1872,Fktrc88,135904.0,99200,37,-,-,-,1379976565
1873,8016356398,135842.0,87640,55,-,-,-,8016356398
1874,pekkat,135610.2,83710,62,-,-,-,731307769
1875,eX_class,135378.0,100280,35,-,-,-,421732863
1876,L10Light,135358.2,97380,39,-,-,-,103584517
1877,Dmc_88,135316.5,69500,77,1.1,-,-,6419109512
1878,PIRmoz,135062.4,102320,32,-,-,-,320444349
1879,gougzy,134862.0,101400,33,-,-,-,1718706397
1880,SSP208,134589.4,102740,31,-,-,-,7192430222
1881,SEGA_763,134310.0,111000,21,-,-,-,979798470
1882,Jon66ru,133840.0,95600,40,-,-,-,651624442
1883,7002560227,133780.5,97650,37,-,-,-,7002560227
1884,Des4nT_LV,133480.0,94000,42,-,-,-,223107281
1885,wichopino,133366.5,98790,35,-,-,-,1405804155
1886,imyourfinguin,132833.2,80020,66,-,-,-,7999501664
1887,172237542,132814.0,60370,120,-,-,-,172237542
1888,8100691461,132588.0,110490,20,-,-,-,8100691461
1889,roman_od_ua,131947.2,110880,19,-,-,-,554147332
1890,RedMavr,131736.0,109780,20,-,-,-,1158417231
1891,AlloySatsonacci,131623.5,93350,41,-,-,-,7144356261
1892,reures,131473.0,90050,46,-,-,-,7124711196
1893,Scoobidobidowap,131247.2,81520,61,-,-,-,1440546077
1894,Sobatgurund,131206.4,86320,52,-,-,-,6800133608
1895,minzzang777,131140.0,83000,58,-,-,-,7025161930
1896,1161388861,131054.4,91010,44,-,-,-,1161388861
1897,Natalia1233,131037.8,86780,51,-,-,-,909478217
1898,Katagiri75,130997.02,98420,21,1.1,-,-,5405229544
1899,zelsez,130732.8,99040,32,-,-,-,474364283
1900,N1ckWilde,130452.0,77650,68,-,-,-,708597589
1901,Volterxxa,130240.0,74000,76,-,-,-,6578622203
1902,AlexPochtar,130030.2,92220,41,-,-,-,563872807
1903,Zaytsev0601,129948.0,99960,30,-,-,-,1211189603
1904,besokmati,129769.4,85940,51,-,-,-,835274189
1905,Vaibhavkhade,129735.0,83700,55,-,-,-,556203641
1906,juns802,129624.6,88180,47,-,-,-,1616188718
1907,Tymur_TiM,129470.0,121000,7,-,-,-,247107340
1908,Primera24,129384.0,89850,44,-,-,-,464194069
1909,5200331567,129328.5,114450,13,-,-,-,5200331567
1910,5140487646,129297.6,88560,46,-,-,-,5140487646
1911,silverplus81,129268.4,88540,46,-,-,-,1451452759
1912,leonshaydulin,129049.6,90880,42,-,-,-,507403238
1913,KatKnightKatRaqui,128979.6,113140,14,-,-,-,8119480887
1914,7257559969,128908.0,96200,34,-,-,-,7257559969
1915,takataka4121,128723.0,90650,42,-,-,-,933089790
1916,koleybeliey,128650.0,83000,55,-,-,-,5012034536
1917,Mauisuppaman,128640.0,96000,34,-,-,-,615258406
1918,NadinRoz,128620.8,64960,98,-,-,-,254641609
1919,Kirill_Elistratow,128293.0,116630,10,-,-,-,384017638
1920,Nima_Karimian,128262.1,97910,31,-,-,-,123062158
1921,Angry_1,128027.4,81030,58,-,-,-,325423439
1922,Ginatam,127974.0,83100,54,-,-,-,7202669741
1923,LKY102,127743.0,82950,54,-,-,-,522110010
1924,mechanic47ru,127615.9,91810,39,-,-,-,6663619473
1925,sayed_aamir,127576.8,90480,41,-,-,-,1701784557
1926,ThePilot23,127500.0,75000,70,-,-,-,6468428242
1927,wait_me_baby,127290.9,68070,87,-,-,-,395062960
1928,Cryptolauv,127280.0,74000,72,-,-,-,2023704888
1929,5202893646,127241.3,100190,27,-,-,-,5202893646
1930,cantharis_cushily,127050.0,121000,5,-,-,-,6629802828
1931,Beefsteak_1971,127050.0,121000,5,-,-,-,7432266631
1932,Nonslippinggoldenest,127050.0,121000,5,-,-,-,7402242985
1933,romangladko,126924.8,85760,48,-,-,-,836864095
1934,aa_panin,126880.0,104000,22,-,-,-,856370061
1935,5471295150,126835.8,91910,38,-,-,-,5471295150
1936,Luckyvn,126817.6,94640,34,-,-,-,390468271
1937,Artem15032002,126815.0,97550,30,-,-,-,672401465
1938,Shokh1ake0830,126720.0,96000,32,-,-,-,1104567601
1939,5238836844,126693.0,100550,26,-,-,-,5238836844
1940,Mantasign,126540.0,74000,71,-,-,-,1494175534
1941,mldnkk,126540.0,74000,71,-,-,-,1143304740
1942,XSUMMONER,126519.3,89730,41,-,-,-,5988610254
1943,Ufx_1480,126482.6,94390,34,-,-,-,426187266
1944,qwertzyan,126402.8,73490,72,-,-,-,7752262814
1945,sergbbbbs,126280.0,82000,54,-,-,-,2102766762
1946,Bagasdwib,126226.5,97850,29,-,-,-,1715964477
1947,KuleshovNA,126197.5,88250,43,-,-,-,5132870972
1948,Zfl1990,126086.4,87560,44,-,-,-,6472276117
1949,Alexandr_103,125960.0,94000,34,-,-,-,810595054
1950,SPIKE05,125915.1,102370,23,-,-,-,332673452
1951,palaeocrinoideaundeemed,125840.0,121000,4,-,-,-,7244018796
1952,mizuru0304,125683.8,90420,39,-,-,-,1849377900
1953,alexandrudima915,125647.8,68660,83,-,-,-,5852775795
1954,Ramil_al,125415.0,92900,35,-,-,-,1676299269
1955,Kir290,125166.0,90700,38,-,-,-,2132687826
1956,user824113,125156.8,82340,52,-,-,-,423032876
1957,grigoriyshylika,125116.0,80720,55,-,-,-,845800203
1958,DAXABOY,125060.0,74000,69,-,-,-,7276421370
1959,FiloSpors,125034.4,85640,46,-,-,-,668973620
1960,7938441278,124743.0,96700,29,-,-,-,7938441278
1961,parkhj7252,124684.56,60060,73,1.2,-,-,1913174436
1962,Chisyakun,124320.0,74000,68,-,-,-,7210213302
1963,Mata_Hari_1978,124248.0,103540,20,-,-,-,5112903034
1964,Slavik1951,123876.8,89120,39,-,-,-,6944491244
1965,harshit6393,123750.0,99000,25,-,-,-,1699880389
1966,Pooly123456789,123710.4,102240,21,-,-,-,7709218236
1967,Atieska,123580.0,74000,67,-,-,-,1398663929
1968,llleeegggeeennntttuuurrraaa,123501.6,121080,2,-,-,-,5623408008
1969,pikipiooo,123480.0,98000,26,-,-,-,6756230231
1970,JhAnd5,123313.7,90010,37,-,-,-,1147244959
1971,ElGato_dd,123278.4,85610,44,-,-,-,232268421
1972,Grish1994186,123211.2,73340,68,-,-,-,5256688862
1973,5355661370,123038.3,92510,33,-,-,-,5355661370
1974,446422205,122960.0,58000,112,-,-,-,446422205
1975,mIkezit0_0,122851.3,85910,43,-,-,-,1204237213
1976,Kamanebrief,122840.0,74000,66,-,-,-,7426590504
1977,8474053024,122629.1,93610,31,-,-,-,8474053024
1978,oksanroman,122601.3,78090,57,-,-,-,512558752
1979,1022666058,122573.0,101300,21,-,-,-,1022666058
1980,7410934037,122400.0,120000,2,-,-,-,7410934037
1981,MichaelFigueroa,122360.0,92000,33,-,-,-,1834231468
1982,mojtabahy,122326.0,78920,55,-,-,-,5742788284
1983,francisogi,122304.0,84000,12,1.3,-,-,1869330108
1984,SirensDragon,122248.2,91230,34,-,-,-,7027415931
1985,din_587,121763.2,117080,4,-,-,-,7226746464
1986,E_m_m_a_k,121751.9,88870,37,-,-,-,1152382461
1987,luisgerardopetit,121739.1,59970,103,-,-,-,982681655
1988,Vladimir1_8,121660.8,66120,84,-,-,-,1675383845
1989,tlongg26,121479.7,81530,49,-,-,-,5324101221
1990,Alex_Ogai,120951.3,76070,59,-,-,-,2044254098
1991,ofilipesoares,120852.0,89520,35,-,-,-,822174593
1992,nft_few,120755.6,59780,102,-,-,-,7250464241
1993,NesleVok,120620.0,74000,63,-,-,-,7432210600
1994,jerald0926,120404.0,77680,55,-,-,-,1545247518
1995,ismet_10,120262.8,86520,39,-,-,-,495846630
1996,SerTsoy,120120.0,84000,43,-,-,-,435666512
1997,6324225641,120048.4,91640,31,-,-,-,6324225641
1998,NikolayKukolev,120000.0,96000,25,-,-,-,2030245914
1999,The_Knee_Law,119953.6,57670,108,-,-,-,5160737063
2000,Nsky2525,119790.0,99000,21,-,-,-,495357066
2001,Iwanfaz,119776.0,74860,60,-,-,-,7508092691
2002,marina2726,119700.0,95000,26,-,-,-,820573585
2003,jagged83,119433.6,76560,56,-,-,-,296358842
2004,Ihor210,119260.2,105540,13,-,-,-,748841344
2005,casper_080,119169.6,97680,22,-,-,-,801627579
2006,machkeinauge,119104.4,71320,67,-,-,-,894230201
2007,jjw466,119070.0,81000,47,-,-,-,143821367
2008,HueBui96,119015.0,91550,30,-,-,-,6210935685
2009,Daffa14,118850.2,73820,61,-,-,-,535960647
2010,Arantirr,118742.4,95760,24,-,-,-,147157127
2011,BelanYO,118732.9,83030,43,-,-,-,880390680
2012,GWprp,118720.0,106000,12,-,-,-,174430893
2013,7756402203,118690.0,83000,43,-,-,-,7756402203
2014,nunocsampaio,118669.4,86620,37,-,-,-,1519014618
2015,Disconnect6,118560.0,76000,56,-,-,-,414759694
2016,1135019895,118407.0,81660,45,-,-,-,1135019895
2017,6942047377,118303.5,88950,33,-,-,-,6942047377
2018,7078062679,117879.6,85420,38,-,-,-,7078062679
2019,Krylov_John,117803.2,82960,42,-,-,-,5218192716
2020,GreenGT,117780.0,78000,51,-,-,-,185701209
2021,Yeanling_paludrin,117700.0,110000,7,-,-,-,7241864907
2022,mikolllka,117678.4,88480,33,-,-,-,130113808
2023,1069870167,117357.9,73810,59,-,-,-,1069870167
2024,mikefern1223,116980.05,68610,55,1.1,-,-,1769120043
2025,RomanovaOlgaTG,116904.8,100780,16,-,-,-,5121476206
2026,WeiCT404,116856.0,86560,35,-,-,-,1759527732
2027,1127590764,116812.8,91260,28,-,-,-,1127590764
2028,Heavy_Drink,116784.0,97320,20,-,-,-,6875912127
2029,wkgOhh,116640.0,108000,8,-,-,-,7496766523
2030,Umoralesc,116620.0,83300,40,-,-,-,1025219719
2031,sannya621,116375.0,93100,25,-,-,-,675144312
2032,miggi69,116161.5,104650,11,-,-,-,1125941584
2033,chumorax,116150.0,115000,1,-,-,-,6966519974
2034,Parzifal5,115973.0,81100,43,-,-,-,1036328132
2035,nick_for_tel,115710.0,87000,33,-,-,-,521279149
2036,vano_fil,115710.0,87000,33,-,-,-,299460548
2037,2118503483,115697.4,68460,69,-,-,-,2118503483
2038,Wasifa143,115644.1,80870,43,-,-,-,1215621169
2039,andrynikit,115542.0,78600,47,-,-,-,6500393447
2040,raf060996,115540.0,106000,9,-,-,-,874833607
2041,Dizelist228,115213.2,85980,34,-,-,-,1067287292
2042,Jikakajsj,115137.5,92110,25,-,-,-,5591505667
2043,soi_bac_05,114668.8,75440,52,-,-,-,5709504399
2044,BattlesFiercely,114480.0,108000,6,-,-,-,7025230839
2045,o_i0000066,114375.0,93750,22,-,-,-,1852932889
2046,Jhoed03,114263.8,96020,19,-,-,-,5559099537
2047,Mhalboro42,114057.8,93490,22,-,-,-,1714170609
2048,YuliiaPolikha,114015.0,69100,65,-,-,-,5419184710
2049,AleksiDemon,113995.2,89760,27,-,-,-,1127433411
2050,niloy679,113900.0,85000,34,-,-,-,1157699122
2051,531400646,113881.2,66210,72,-,-,-,531400646
2052,oktopusov,113776.0,71110,60,-,-,-,1998742355
2053,Ryl0009,113726.4,74820,52,-,-,-,1614199395
2054,OharaRence2124,113601.6,101430,12,-,-,-,6504561342
2055,Dmytro04111989,113460.0,73200,55,-,-,-,321465702
2056,Codfish_baccalaureate,113400.0,108000,5,-,-,-,7483228126
2057,LnOoPh,113400.0,108000,5,-,-,-,7276949145
2058,lagboosters,113300.0,110000,3,-,-,-,7408133756
2059,7713455979,113300.0,110000,3,-,-,-,7713455979
2060,cwixyk,113300.0,110000,3,-,-,-,7381142534
2061,Lukarec,113160.0,82000,38,-,-,-,6305676840
2062,chicherjohn,113160.0,82000,38,-,-,-,1842280802
2063,1356982468,113076.6,103740,9,-,-,-,1356982468
2064,h0tah,113030.0,89000,27,-,-,-,231613717
2065,theownerofabook,112896.0,56000,68,1.2,-,-,1596765420
2066,Alfablue27,112892.0,86840,30,-,-,-,8047576694
2067,Weltenbummler_2019,112882.5,65250,73,-,-,-,1860533608
2068,marclester1327,112817.2,86120,31,-,-,-,1333647314
2069,Question92,112541.0,86570,30,-,-,-,438312421
2070,7946585587,112367.4,82020,37,-,-,-,7946585587
2071,6977888833,112350.0,105000,7,-,-,-,6977888833
2072,shalenniy,112294.0,80210,40,-,-,-,187660651
2073,Pufiiik,112250.87999999999,53760,74,1.2,-,-,652772033
2074,660930590,112220.0,62000,81,-,-,-,660930590
2075,TaGalKaung,112204.2,86980,29,-,-,-,1816562340
2076,Kaisbreigh,112175.1,99270,13,-,-,-,1453150923
2077,Vadimbl401,112027.0,77260,45,-,-,-,948779936
2078,La_Dame_de_Monsoreau,111860.0,94000,19,-,-,-,1472759993
2079,AndrewAqB,111710.4,100640,11,-,-,-,2042089820
2080,loringer1,111650.0,79750,40,-,-,-,814396914
2081,vocer901,111641.6,87220,28,-,-,-,1703453172
2082,6623217575,111548.5,71050,57,-,-,-,6623217575
2083,Leosold,111510.0,94500,18,-,-,-,6355887311
2084,Carlho33,111510.0,63000,77,-,-,-,1642098634
2085,tcharlton,111404.16,55260,68,1.2,-,-,1861261813
2086,5517050721,111323.8,84980,31,-,-,-,5517050721
2087,CryptoDiscoLab,110960.0,76000,46,-,-,-,471243826
2088,Nordeer,110880.0,88000,26,-,-,-,1282835100
2089,1971445964,110580.0,97000,14,-,-,-,1971445964
2090,ekatttkatt,110375.0,88300,25,-,-,-,1698463852
2091,604297451,110328.0,91940,20,-,-,-,604297451
2092,Diegoc2012,110259.2,86140,28,-,-,-,5015591436
2093,jotisi1943,110210.0,103000,7,-,-,-,7106343274
2094,mariamy_1,110126.0,67150,64,-,-,-,7069831592
2095,599557557,109980.0,58500,88,-,-,-,599557557
2096,Mdanis281,109794.0,75720,45,-,-,-,6107648506
2097,sohepokinawa,109701.2,94570,16,-,-,-,1829925343
2098,TruDim,109600.0,80000,37,-,-,-,332924262
2099,scratz12,109198.4,78560,39,-,-,-,7001359492
2100,Draa243,109180.0,103000,6,-,-,-,7012949790
2101,underwood_1337,108992.1,84490,29,-,-,-,884386865
2102,BitRod,108914.4,86440,26,-,-,-,418743908
2103,Wildeny,108910.4,63320,72,-,-,-,1933003681
2104,Mrrprooo12,108879.5,69350,57,-,-,-,5062659351
2105,hyk_pizza,108855.0,72570,50,-,-,-,877476189
2106,exhilarate,108670.5,88350,23,-,-,-,402733193
2107,puffyburrito,108662.4,55440,96,-,-,-,7764003550
2108,nonicknm,108580.0,89000,22,-,-,-,308631768
2109,humanstatute,108319.2,82060,32,-,-,-,342783173
2110,Mpak_A,108160.0,84500,28,-,-,-,549419768
2111,sNwVsu,108150.0,103000,5,-,-,-,6835372631
2112,NMSwhale,108072.9,92370,17,-,-,-,2147403948
2113,ser297,107637.6,72240,49,-,-,-,6690377928
2114,RuslanPv39,107605.3,88930,10,1.1,-,-,5966457828
2115,Grinch_op,107360.0,88000,22,-,-,-,6021094369
2116,Dita_Teese,107251.5,84450,27,-,-,-,336548025
2117,7386398603,107250.0,39000,175,-,-,-,7386398603
2118,cryptomaryia,107220.8,70540,52,-,-,-,6377798642
2119,tereshenko699,107160.0,94000,14,-,-,-,6908415551
2120,Jo1821,107120.0,103000,4,-,-,-,7171133269
2121,DusanB_82,106750.0,61000,75,-,-,-,6663410269
2122,ShadowID,106720.0,92000,16,-,-,-,94762135
2123,Eu_Liane,106680.0,84000,27,-,-,-,876750120
2124,Hossein136181,106503.2,79480,34,-,-,-,7253605088
2125,Ptero77,106489.9,81290,31,-,-,-,233627833
2126,7740001160,106380.0,98500,8,-,-,-,7740001160
2127,472943322,106260.0,69000,54,-,-,-,472943322
2128,investor100rub,106240.0,83000,28,-,-,-,6081762407
2129,matovskikh,106133.5,92290,15,-,-,-,677251938
2130,Chodhry133,105948.0,58860,80,-,-,-,5932399408
2131,nigina11,105931.8,90540,17,-,-,-,6508946423
2132,alexnikolai4,105462.0,78120,35,-,-,-,967420144
2133,Mikhail_Sergeyevich,105310.9,80390,31,-,-,-,1213530451
2134,itachie30,105000.0,100000,5,-,-,-,5023189699
2135,Igro_gold_man,104590.8,68360,53,-,-,-,5290545108
2136,AMGlNE,104279.4,84780,23,-,-,-,7182896849
2137,8367110007,104267.5,44750,133,-,-,-,8367110007
2138,7835342858,104190.0,69000,51,-,-,-,7835342858
2139,AlekssMag,104189.8,72860,43,-,-,-,398510375
2140,genichimajiko,104185.6,71360,46,-,-,-,1717227927
2141,Krypt0Kenzie,104040.0,69360,50,-,-,-,6247944177
2142,oUHGkG,104030.0,103000,1,-,-,-,7086517256
2143,roberto98765,103356.0,89100,16,-,-,-,6291339742
2144,katyunya_26,103338.6,59390,74,-,-,-,684510713
2145,GriLuyd,103320.0,82000,26,-,-,-,552573862
2146,TinyViney,103180.0,77000,34,-,-,-,5318761619
2147,Alok4851,103137.8,69220,49,-,-,-,913734941
2148,7644499214,103046.84000000001,37390,112,1.3,-,-,7644499214
2149,RomanovSergey2517,102982.0,83050,24,-,-,-,1966518899
2150,CAWA3012,102848.8,87160,18,-,-,-,1246363272
2151,NataliiBakun,102613.0,74900,37,-,-,-,1016729590
2152,Eliminator1901,102600.0,95000,8,-,-,-,7415581283
2153,1532347924,102585.6,71240,44,-,-,-,1532347924
2154,7874291755,102543.0,77100,33,-,-,-,7874291755
2155,sinocha,102523.3,84730,21,-,-,-,1142123718
2156,6848975922,102359.6,73640,39,-,-,-,6848975922
2157,Mishkakod,102300.0,93000,10,-,-,-,6202441591
2158,OGMrDeuce,102090.0,83000,23,-,-,-,6384922091
2159,Alirezasha22,102000.0,75000,36,-,-,-,6176800961
2160,1606247586,101915.1,69330,47,-,-,-,1606247586
2161,CaiLin3,101885.7,69310,47,-,-,-,7174143013
2162,5734472772,101855.2,67010,52,-,-,-,5734472772
2163,5238912701,101639.2,87620,16,-,-,-,5238912701
2164,hughhee,101387.00000000001,70900,30,1.1,-,-,6662200954
2165,Zixarka,101385.0,67590,50,-,-,-,738113417
2166,BillyBones_03,101250.0,75000,35,-,-,-,579886662
2167,Latan78,101200.0,88000,15,-,-,-,941967287
2168,gridz21,101178.0,76650,32,-,-,-,385105124
2169,CrazzyWizzard,101152.8,80280,26,-,-,-,96296
2170,Vicejet,101066.7,84930,19,-,-,-,536519457
2171,Priyanshu570,101034.1,66910,51,-,-,-,5790134680
2172,xjim11,100998.0,81450,24,-,-,-,7105661654
2173,Bogddim,100800.0,84000,20,-,-,-,539051653
2174,vaquagro,100784.7,89190,13,-,-,-,5220307985
2175,Mishakhl,100667.6,73480,37,-,-,-,6091712630
2176,Anzhi_MMA,100650.0,82500,22,-,-,-,844410487
2177,svsveta78,100620.0,83850,20,-,-,-,664376755
2178,alexsidoroff,100500.0,67000,50,-,-,-,533078782
2179,MarcTheMaker,100416.0,83680,20,-,-,-,1983694020
2180,evgen13131313,100362.5,80290,25,-,-,-,1103149212
2181,Mdbhai1234,100258.2,68670,46,-,-,-,1966813902
2182,840404631,100254.00000000001,42000,117,1.1,-,-,840404631
2183,7338258735,100210.8,90280,11,-,-,-,7338258735
2184,kartuza,100129.5,74170,35,-,-,-,6161935167
2185,olegkrichenkov,100110.0,71000,41,-,-,-,924802311
2186,Evgeniy_Pulenko,100105.9,73070,37,-,-,-,1187967028
2187,prunus14,100000.0,80000,25,-,-,-,5236485840
2188,1286696462,99795.2,80480,24,-,-,-,1286696462
2189,DesperadoUA,99547.2,53520,86,-,-,-,1092331854
2190,7391424172,99414.0,73640,35,-,-,-,7391424172
2191,68529263,99174.3,78090,27,-,-,-,68529263
2192,jszairdrops,99097.8,76820,29,-,-,-,7998533467
2193,okaygames,99066.0,75050,32,-,-,-,5742234866
2194,JohnMiningJohnMining,98953.8,70180,41,-,-,-,7376233329
2195,FreeDurovDogs13,98859.6,78460,26,-,-,-,788105589
2196,veryrichone,98831.0,85940,15,-,-,-,1796129554
2197,Romario_Goldinni,98712.0,73120,35,-,-,-,1296513970
2198,BestCub,98633.4,76460,29,-,-,-,5231769125
2199,6552302066,98288.6,59210,66,-,-,-,6552302066
2200,Panker85,98100.0,65400,50,-,-,-,5449774030
2201,7043590802,98096.4,90830,8,-,-,-,7043590802
2202,pmaria78,97881.0,61950,58,-,-,-,859812998
2203,5436712330,97808.5,49150,99,-,-,-,5436712330
2204,PlayerEmman,97764.6,76980,27,-,-,-,5046112005
2205,alexeysv1985,97680.0,74000,32,-,-,-,1301489657
2206,artyom_spitsyn,97612.2,76860,27,-,-,-,397116425
2207,sorinsf,97561.2,85580,14,-,-,-,1963337673
2208,Jafaripix,97372.44,66060,34,1.1,-,-,122686053
2209,kripto_golovorez,97311.5,68050,43,-,-,-,5920358634
2210,6603803028,97310.0,65750,48,-,-,-,6603803028
2211,gkxjlskx,97200.0,90000,8,-,-,-,8117439226
2212,neiald,97000.0,50000,94,-,-,-,1486678685
2213,Sh0cKw0w,96560.0,71000,36,-,-,-,345434960
2214,nattka_NM,96476.8,66080,46,-,-,-,633575537
2215,Vladis678,96200.0,74000,30,-,-,-,541268604
2216,jinchul904,96170.4,86640,11,-,-,-,643073293
2217,georgy_zuc,96162.00000000001,47000,86,1.1,-,-,197827974
2218,Le_no_kk,96100.0,62000,55,-,-,-,757886518
2219,Ku_relub,95921.0,67550,42,-,-,-,7160880824
2220,Kaiden0930,95920.0,44000,118,-,-,-,1020885480
2221,BullBear14,95850.0,71000,35,-,-,-,2144202242
2222,r3zn1k13,95850.0,71000,35,-,-,-,108190055
2223,mino211677,95834.4,65640,46,-,-,-,6037741610
2224,stmnkv,95775.0,76620,25,-,-,-,253325877
2225,SaeedGolden2017,95769.6,74240,29,-,-,-,185841944
2226,HannaPMUKyiv,95764.8,67440,42,-,-,-,1987358551
2227,luccofraga,95468.8,85240,12,-,-,-,1199938785
2228,kaspione,95380.8,76920,24,-,-,-,1048691778
2229,Crypto_Alex_Rusakov,95238.00000000001,78000,11,1.1,-,-,1831006583
2230,motezh,95157.6,76740,24,-,-,-,376889309
2231,7394065702,95027.2,81920,16,-,-,-,7394065702
2232,Gunbluster,95020.8,64640,47,-,-,-,2010186841
2233,Aleksandrqwe123,94972.6,63740,49,-,-,-,6127449089
2234,Crcrcrrrc,94710.00000000001,82000,5,1.1,-,-,398165836
2235,CamHui,94588.8,56640,67,-,-,-,6209876296
2236,syahrial899,94540.0,58000,63,-,-,-,8022457699
2237,7349231356,94500.0,90000,5,-,-,-,7349231356
2238,aroumejor,94424.00000000001,58000,48,1.1,-,-,550865056
2239,7490485673,94400.0,59000,60,-,-,-,7490485673
2240,Roman997890,94270.5,69830,35,-,-,-,1131326909
2241,trevorz06,94220.8,69280,36,-,-,-,6889449100
2242,Bahalex,94098.4,69190,36,-,-,-,1381770666
2243,unnamed021,94068.0,80400,17,-,-,-,6638041586
2244,amitnayak087,93852.0,69520,35,-,-,-,1932443080
2245,Cikahariakbar,93757.5,69450,35,-,-,-,966314289
2246,TimToney21,93675.0,74940,25,-,-,-,361816551
2247,Sabotage_zx,93480.0,76000,23,-,-,-,273660730
2248,phongzis,93365.2,56930,64,-,-,-,7434172124
2249,Bootlegfireworkz,93336.8,68630,36,-,-,-,8078214423
2250,Chalih_Kseniya,93240.0,74000,26,-,-,-,5533466531
2251,Skywalkerman,93208.2,78990,18,-,-,-,6011772247
2252,ksenochka_1,93060.0,66000,41,-,-,-,1454976271
2253,Pronyko,93000.0,62000,50,-,-,-,1370198336
2254,choponata,92932.8,61140,52,-,-,-,6908532167
2255,6347750114,92918.7,72030,29,-,-,-,6347750114
2256,fisherru,92911.6,85240,9,-,-,-,437241873
2257,Inst1nct67,92750.4,82080,13,-,-,-,796352911
2258,504867988,92707.2,41760,122,-,-,-,504867988
2259,OlgaKhoreva,92629.6,77840,19,-,-,-,902687393
2260,Lube66,92565.0,61710,50,-,-,-,6919268234
2261,NoL1k_UA,92380.0,62000,49,-,-,-,491668427
2262,Sadamot8,92283.0,48570,90,-,-,-,6628164029
2263,macab71,92260.0,65900,40,-,-,-,1946120250
2264,AndreyProshin,92053.0,63050,46,-,-,-,280163319
2265,vasyabutsko,92027.5,70250,31,-,-,-,5304314163
2266,Ruslanazimov197,91984.2,50820,81,-,-,-,1521949849
2267,Piryanin,91264.6,68620,33,-,-,-,5241666057
2268,teplovoz,91016.0,73400,24,-,-,-,48025930
2269,Vladimir_S1979,90959.1,64510,41,-,-,-,6921201666
2270,POV10Bot,90691.2,67680,34,-,-,-,386067292
2271,Ali_diyaleh,90489.6,62840,44,-,-,-,156160131
2272,7487977835,90480.0,69600,30,-,-,-,7487977835
2273,armage96,90097.0,73850,22,-,-,-,1446496564
2274,milongerstyle,90043.0,70900,27,-,-,-,737039900
2275,7905015046,90025.2,58840,53,-,-,-,7905015046
2276,5547791581,90024.0,44000,86,1.1,-,-,5547791581
2277,6046276533,89936.0,58400,54,-,-,-,6046276533
2278,Joaquim_sandra_pingo,89670.0,61000,47,-,-,-,5494449181
2279,AlexNovg81,89572.4,73420,22,-,-,-,5283667791
2280,Gurd76,89535.8,73390,22,-,-,-,735932006
2281,unsuperstitiousnessDragnet,89380.0,82000,9,-,-,-,7282454480
2282,Rungie1,89237.2,68120,31,-,-,-,6607679664
2283,RussellSwitch,89176.5,59850,49,-,-,-,206112781
2284,jumpip,88896.72,53520,51,1.1,-,-,1020161545
2285,mangertt,88855.2,68880,29,-,-,-,426382461
2286,AlexDezhko,88728.4,76490,16,-,-,-,405681915
2287,Busyavip,88651.2,67160,32,-,-,-,602167609
2288,Burzum6363,88640.1,59490,49,-,-,-,899676012
2289,Seal_silicon,88560.0,82000,8,-,-,-,7255914396
2290,alvera_atune,88560.0,82000,8,-,-,-,7505615279
2291,alexanderbays,88326.0,70100,26,-,-,-,392798882
2292,uttrew,88320.0,46000,92,-,-,-,1056408936
2293,yongmantls,88268.4,44580,98,-,-,-,631642576
2294,Denisnalivaiko,88179.0,67830,30,-,-,-,1168127132
2295,ojong123,88088.0,62920,40,-,-,-,6961119457
2296,AntonyShark,87890.0,47000,87,-,-,-,421401131
2297,1021915507,87875.8,63220,39,-,-,-,1021915507
2298,mittenBatten,87740.0,82000,7,-,-,-,7259856494
2299,7151799776,87600.0,70080,25,-,-,-,7151799776
2300,Evgenii_144,87562.8,74840,17,-,-,-,6925436151
2301,Nitz73,87477.6,68880,27,-,-,-,6629466798
2302,AjiSholehudin,87465.8,53660,63,-,-,-,1256744705
2303,BlackGoldenMask,87374.1,72210,21,-,-,-,467933428
2304,YourPareBro,87276.3,55590,57,-,-,-,6853623879
2305,7455469444,87264.0,64640,35,-,-,-,7455469444
2306,1809226743,87224.6,58540,49,-,-,-,1809226743
2307,seannelsonnhb,87059.4,70780,23,-,-,-,7083376036
2308,Guiaix,87000.0,75000,16,-,-,-,728286435
2309,vxewdn,86920.0,82000,6,-,-,-,7151123791
2310,xBQPRT,86920.0,82000,6,-,-,-,7001834381
2311,Baurzhan1966,86713.2,78120,11,-,-,-,447335573
2312,Ksu_ivanova_83,86675.5,75370,15,-,-,-,5077620433
2313,kodji67,86648.1,71610,21,-,-,-,6712072748
2314,Frank_Faceworld,86572.8,60120,44,-,-,-,1216939079
2315,patsai,86450.0,65000,33,-,-,-,59801102
2316,Masoodk2199,86271.1,67930,27,-,-,-,6836638496
2317,Gara9572,86100.0,42000,105,-,-,-,1205370336
2318,jerrrrrrrrrrm,85918.0,64600,33,-,-,-,7168550264
2319,Esmi8_2,85883.5,59230,45,-,-,-,1575138910
2320,comma_Tires,85800.0,78000,10,-,-,-,7434616638
2321,Kuzankin,85735.0,65950,30,-,-,-,784360431
2322,6620585972,85680.0,72000,19,-,-,-,6620585972
2323,ModZen,85560.0,69000,24,-,-,-,5033883225
2324,986791689,85420.2,74930,14,-,-,-,986791689
2325,Holitsyn,85358.0,60970,40,-,-,-,1279242590
2326,Arling49,85281.6,78240,9,-,-,-,727665827
2327,Myaurizzio,85269.0,66100,29,-,-,-,623915754
2328,vladimir6779,85253.0,44870,90,-,-,-,1111461278
2329,andreysergeevich2,85245.2,80420,6,-,-,-,353060668
2330,ziosta,85176.2,65020,31,-,-,-,1327155536
2331,DimonPremier,85140.0,66000,29,-,-,-,402388036
2332,1098814590,85062.5,68050,25,-,-,-,1098814590
2333,6436304786,85000.0,68000,25,-,-,-,6436304786
2334,5914738040,84878.20000000001,37640,105,1.1,-,-,5914738040
2335,7182860888,84795.2,37520,126,-,-,-,7182860888
2336,XTVV_S,84560.4,50940,66,-,-,-,1071605837
2337,6532579565,84560.0,48320,75,-,-,-,6532579565
2338,GamblerReflink,84556.8,66060,28,-,-,-,823757516
2339,akchurinanvar,84490.0,71000,19,-,-,-,422428676
2340,dai718,84480.0,64000,32,-,-,-,6559706794
2341,Mehdishakeri1402,84428.8,65960,28,-,-,-,6245397289
2342,souma09090,84404.7,65430,29,-,-,-,7270254271
2343,Simwa80,84247.5,59750,41,-,-,-,69226730
2344,JRhean28,84240.0,54000,56,-,-,-,7366916905
2345,Mascha96,83878.2,66570,26,-,-,-,992864391
2346,Kotsamurai323,83799.8,70420,19,-,-,-,489857256
2347,MMP10x,83790.0,63000,33,-,-,-,1775844783
2348,vadimtokarev777,83708.8,82880,1,-,-,-,641500258
2349,alex_tn5,83647.3,69130,21,-,-,-,5167283535
2350,6852613746,83584.8,71440,17,-,-,-,6852613746
2351,wildcatfromrussia,83520.0,58000,44,-,-,-,6034095737
2352,imdeerg,83468.2,57170,46,-,-,-,576668783
2353,kaktus_joine,83384.4,63170,32,-,-,-,301385812
2354,5404323730,83370.0,59550,40,-,-,-,5404323730
2355,lebjohn,83283.2,49280,69,-,-,-,6242885290
2356,Zorei91,83146.4,56180,48,-,-,-,1004603456
2357,HaDoan1985,83070.0,71000,17,-,-,-,1883068139
2358,DelvirSPb,82861.5,74650,11,-,-,-,506378816
2359,samama7311SEED,82800.0,72000,15,-,-,-,1982916652
2360,iMaxrs,82787.2,50480,64,-,-,-,181898329
2361,trance_bit,82786.0,53000,42,1.1,-,-,2119372533
2362,ksvts,82784.0,63680,30,-,-,-,534092524
2363,SS095,82752.0,68960,20,-,-,-,456200245
2364,xyloqq,82680.0,78000,6,-,-,-,7391919838
2365,volfgant_fr,82560.0,64000,29,-,-,-,678443651
2366,Mc_JPP,82530.0,63000,31,-,-,-,285990583
2367,mlopez_tg,82473.8,64940,27,-,-,-,393455583
2368,Borisovdp,82449.9,70470,17,-,-,-,337286218
2369,Vitzoi205,82343.6,59240,39,-,-,-,6537060260
2370,asairima,82207.3,61810,33,-,-,-,139111001
2371,andreyytk,82140.8,61760,33,-,-,-,94721605
2372,Foxer25,81928.0,58520,40,-,-,-,345658594
2373,Vibrio_Unjewelled,81900.0,78000,5,-,-,-,7237585293
2374,hanpham77,81812.0,72400,13,-,-,-,8199320696
2375,JRF24,81774.0,61950,32,-,-,-,1131360616
2376,7534410584,81601.0,62770,30,-,-,-,7534410584
2377,brianhillas,81510.0,57000,43,-,-,-,7182034842
2378,kolesnikR,81419.0,62630,30,-,-,-,385910617
2379,I_MaRoL_I,81390.4,47320,72,-,-,-,1222731791
2380,michmok30,81380.0,62600,30,-,-,-,6982439032
2381,hberkay35,81320.0,76000,7,-,-,-,1730852231
2382,o_belyakov,81295.5,56850,43,-,-,-,73181930
2383,PetyPerdak,81074.8,51640,57,-,-,-,5268254375
2384,IDDQDxxx,80863.5,57350,41,-,-,-,745577946
2385,Inn2020,80784.0,56100,44,-,-,-,345149114
2386,golbarg4949,80717.7,60690,33,-,-,-,7406925537
2387,VladimirTank,80626.4,41560,94,-,-,-,1463757374
2388,s_leo777,80600.0,52000,55,-,-,-,1497028797
2389,wizz5432,80558.6,68270,18,-,-,-,7905967166
2390,8017785357,80512.6,61460,31,-,-,-,8017785357
2391,jenxxicatto,80476.0,47200,55,1.1,-,-,6084267057
2392,jerdz26,80460.0,54000,49,-,-,-,6653404888
2393,6847047216,80395.2,74440,8,-,-,-,6847047216
2394,kScpqg,80340.0,78000,3,-,-,-,7434235234
2395,776605319,80192.0,62650,28,-,-,-,776605319
2396,payochulo,80080.0,56000,43,-,-,-,2097478387
2397,g_o_l_d_en,79963.0,61510,30,-,-,-,877661422
2398,felluk6666,79920.0,72000,11,-,-,-,1177729202
2399,lobanokAlina,79866.0,52200,53,-,-,-,475957720
2400,1938514306,79800.0,63840,25,-,-,-,1938514306
2401,MDyNio,79560.0,78000,2,-,-,-,7360937414
2402,Tothemar01,79362.36000000002,36810,96,1.1,-,-,6270041800
2403,Fedorichnn,79296.0,56640,40,-,-,-,1692022469
2404,ZORGJC,79171.4,51410,54,-,-,-,724269928
2405,873541594,79112.0,68200,16,-,-,-,873541594
2406,kassyan27,79050.0,51000,55,-,-,-,817981577
2407,Jonnmy,79015.2,54120,46,-,-,-,7113983188
2408,576023881,78790.8,55880,41,-,-,-,576023881
2409,132683336,78758.42,40660,49,1.3,-,-,132683336
2410,AMaryanich,78721.5,55050,43,-,-,-,293594453
2411,8124547279,78715.8,61020,29,-,-,-,8124547279
2412,6636055618,78643.5,40330,95,-,-,-,6636055618
2413,CryptoNFT_Prince,78618.4,56560,39,-,-,-,2051622336
2414,1483672115,78581.3,38710,103,-,-,-,1483672115
2415,nichitosikkk,78523.2,59040,33,-,-,-,5046665689
2416,ikhryst,78440.0,53000,48,-,-,-,1009396895
2417,5533939782,78409.8,53340,47,-,-,-,5533939782
2418,573848686,78364.66000000002,33290,114,1.1,-,-,573848686
2419,nelmar7,78139.6,50740,54,-,-,-,215194656
2420,Artyrios,77760.0,72000,8,-,-,-,483069179
2421,MakcLukash,77664.9,68730,13,-,-,-,515171392
2422,Bogart57,77608.6,65770,18,-,-,-,7458428829
2423,hirokun54,77500.0,50000,55,-,-,-,5552324137
2424,zytoo_93,77424.9,48090,61,-,-,-,1793723059
2425,ferrettoalbe,77345.8,38290,102,-,-,-,355234065
2426,sygernaut,77318.0,57700,34,-,-,-,6653517127
2427,stspartaudrey,77286.3,51870,49,-,-,-,673416317
2428,Bondariev_S,77269.2,67780,14,-,-,-,2115204308
2429,7394258115,77180.7,59830,29,-,-,-,7394258115
2430,murzilka1980,77140.4,62210,24,-,-,-,1077470693
2431,flowcc,77128.0,62200,24,-,-,-,377081320
2432,dipalisinghh,77064.0,57000,4,1.3,-,-,6815887681
2433,Alina_Starling,77000.0,77000,0,-,-,-,1061578485
2434,hj1999likko,76982.4,47520,62,-,-,-,1664066109
2435,SkolzkieUlici,76825.32,48840,43,1.1,-,-,1102514658
2436,kuro777777,76800.0,64000,20,-,-,-,7205020152
2437,Aslanij,76591.6,52460,46,-,-,-,340517801
2438,5904494464,76560.0,66000,16,-,-,-,5904494464
2439,Villapor,76551.0,67150,14,-,-,-,312662193
2440,7305417793,76526.4,51360,49,-,-,-,7305417793
2441,fxssue,76500.0,45000,70,-,-,-,5108673347
2442,blkCODe,76450.0,55000,39,-,-,-,1841164590
2443,sigmahdhdb,76361.6,68180,12,-,-,-,7065706027
2444,Romanuch1803,76347.6,62580,22,-,-,-,5362529187
2445,Milochka2407,76335.4,62570,22,-,-,-,1147995037
2446,makkystepn,76214.4,56040,36,-,-,-,6247176905
2447,Serhona,76197.2,53660,42,-,-,-,56520272
2448,psycho_traider,76035.0,50690,50,-,-,-,6316918699
2449,Aaaa30rk,75990.0,51000,49,-,-,-,7090597093
2450,1510952787,75671.8,53290,42,-,-,-,1510952787
2451,6468031434,75600.0,60000,26,-,-,-,6468031434
2452,stasikanec,75480.0,37000,104,-,-,-,2136764614
2453,Hoang010122,75468.0,66200,14,-,-,-,5751662349
2454,oveismirhajizadeh,75374.6,63340,19,-,-,-,47348611
2455,Konstantin7102,75260.0,53000,42,-,-,-,769631842
2456,mrumro,75249.6,61680,22,-,-,-,807575533
2457,kolatzy,74970.0,63000,19,-,-,-,1180182691
2458,Prikolxx2,74932.0,57640,30,-,-,-,904149745
2459,jibo904,74841.6,58470,28,-,-,-,740609415
2460,lana_VZ,74834.0,52700,42,-,-,-,5257724040
2461,vladislavus01,74820.0,58000,29,-,-,-,487175318
2462,tudotb,74793.6,59360,26,-,-,-,1944135500
2463,Palyamen,74686.8,34260,118,-,-,-,5778494975
2464,Anjin_0,74408.0,56800,31,-,-,-,6088383024
2465,Watkis,74373.0,57210,30,-,-,-,960019291
2466,skoczow,74340.0,59000,26,-,-,-,6819078536
2467,7374159293,74340.0,59000,26,-,-,-,7374159293
2468,Delii194,74252.8,58010,28,-,-,-,5524820559
2469,Evhen_Iv05,74240.0,58000,28,-,-,-,1959648906
2470,Cripo06,74152.0,59800,24,-,-,-,382333319
2471,penguin082,74014.4,44320,67,-,-,-,5962123581
2472,Cornho1io,74000.0,74000,0,-,-,-,7188269003
2473,UA6NP,73986.0,62700,18,-,-,-,966454304
2474,Dosbar25,73925.2,52060,42,-,-,-,6362938612
2475,DuoqLe,73860.8,55120,34,-,-,-,1024238422
2476,Yurec30,73440.0,72000,2,-,-,-,361237708
2477,Marina_pl_32,73440.0,54000,36,-,-,-,854344218
2478,igorkushch1982,73431.6,55630,32,-,-,-,5462785736
2479,Blitzy67,73416.1,64970,13,-,-,-,6239057452
2480,UraReekov,73387.6,51320,43,-,-,-,5920178668
2481,Gaara1988,73320.0,52000,41,-,-,-,837112969
2482,showot11,73084.0,48400,51,-,-,-,7367678455
2483,laotze,73080.0,58000,26,-,-,-,1922668099
2484,DeemonVoodoolei,73045.6,55760,31,-,-,-,605963197
2485,weertttyyuuuu,72940.8,62880,16,-,-,-,7228834102
2486,LQZtkC,72760.0,68000,7,-,-,-,7409154311
2487,magisterabsurdum,72680.0,46000,58,-,-,-,859680379
2488,Phung_Khoa,72670.3,64310,13,-,-,-,6121389812
2489,6214392417,72640.0,36320,100,-,-,-,6214392417
2490,AndreiRich,72570.0,59000,23,-,-,-,816150129
2491,5224820999,72420.0,71000,2,-,-,-,5224820999
2492,santa4464,72412.5,57930,25,-,-,-,7004687072
2493,DrAksenov,72360.0,67000,8,-,-,-,188563952
2494,6992086338,72243.2,43520,66,-,-,-,6992086338
2495,Zhega76,72193.5,39450,83,-,-,-,1277730218
2496,StewSi,72188.7,58690,23,-,-,-,370300819
2497,stso092,72170.0,51550,40,-,-,-,5033112884
2498,HahnyongC,72085.4,51860,39,-,-,-,5042200125
2499,Tartarfree,72000.0,60000,20,-,-,-,889248680
2500,1400375075,72000.0,48000,50,-,-,-,1400375075
2501,521070581,72000.0,40000,80,-,-,-,521070581
2502,eroyummy,71980.0,59000,22,-,-,-,6929588250
2503,Aleks_K_88,71920.0,58000,24,-,-,-,639108547
2504,wasimrizko,71832.0,43800,64,-,-,-,5217772339
2505,Natalia_ZNA,71818.8,37020,94,-,-,-,416623568
2506,5075769994,71785.2,44040,63,-,-,-,5075769994
2507,Ilya_nikifor0v,71500.8,55860,28,-,-,-,682288684
2508,7019396714,71400.0,63750,12,-,-,-,7019396714
2509,Paul_Muggs,71400.0,51000,40,-,-,-,1021704632
2510,Limbarus,71246.0,50890,40,-,-,-,994098465
2511,5272237890,71190.0,63000,13,-,-,-,5272237890
2512,killtheplanet,71168.0,55600,28,-,-,-,683611750
2513,Muhammadrr1,71040.0,37000,92,-,-,-,6314731992
2514,paracelsus1108,71035.5,48990,45,-,-,-,6690168878
2515,aseni2020,70990.0,45800,55,-,-,-,5182104182
2516,Savdeev75,70988.2,66970,6,-,-,-,709511256
2517,Antiohsky,70637.4,68580,3,-,-,-,346328057
2518,zhenyatevo,70560.0,56000,26,-,-,-,1056950131
2519,2132969332,70518.0,48300,46,-,-,-,2132969332
2520,Aranomidi,70514.4,53420,32,-,-,-,107667493
2521,Icefluid74,70481.6,60760,16,-,-,-,856064774
2522,yucho12,70316.4,53270,32,-,-,-,8123386310
2523,5449609632,70200.0,54000,30,-,-,-,5449609632
2524,winwinpal,70178.4,61560,14,-,-,-,1992123026
2525,7074281652,70110.0,57000,23,-,-,-,7074281652
2526,zeeintrouble,69992.4,49640,41,-,-,-,7682760613
2527,1902092198,69960.0,44000,59,-,-,-,1902092198
2528,pefpamcqb,69930.0,63000,11,-,-,-,8019756456
2529,214364297,69861.0,29000,119,1.1,-,-,214364297
2530,6877989121,69746.7,50910,37,-,-,-,6877989121
2531,tihogen,69647.6,57560,21,-,-,-,1295346441
2532,1501513920,69636.0,49740,40,-,-,-,1501513920
2533,jirou26,69608.0,45200,54,-,-,-,5081780723
2534,AvaLoNKripto,69496.0,47600,46,-,-,-,5504597611
2535,venum_xxx,69430.0,53000,31,-,-,-,800125301
2536,Chr1st0ph3r16,69178.2,38220,81,-,-,-,7372791089
2537,7142379616,69135.0,62850,10,-,-,-,7142379616
2538,Nogarojca87,69053.7,53530,29,-,-,-,5353519513
2539,Stegbert,69000.0,60000,15,-,-,-,331398502
2540,GurovAV31,68663.0,57700,19,-,-,-,826233058
2541,8136555748,68640.0,52000,32,-,-,-,8136555748
2542,Mr_Tcm,68632.0,59680,15,-,-,-,1508982442
2543,tt_janti,68580.0,54000,27,-,-,-,6652570857
2544,385793223,68580.0,54000,27,-,-,-,385793223
2545,DUM76,68580.0,54000,27,-,-,-,902516307
2546,xmIOqQvjx,68376.8,53840,27,-,-,-,5636837862
2547,hasabd118,68332.0,62120,10,-,-,-,6871227318
2548,Andrey_379,68320.0,61000,12,-,-,-,461362826
2549,ryujimin_ann,68320.0,56000,22,-,-,-,5502568863
2550,king_dazman,68316.5,52150,31,-,-,-,6884984801
2551,6397612569,68281.2,58360,17,-,-,-,6397612569
2552,k_ant23,68054.4,50040,36,-,-,-,351012309
2553,BiglianiTom,68032.8,51540,32,-,-,-,1834953983
2554,7057460780,68026.5,50390,35,-,-,-,7057460780
2555,7237911265,67852.8,54720,24,-,-,-,7237911265
2556,Marvz79,67852.8,44640,52,-,-,-,1164670370
2557,unit4440,67840.0,64000,6,-,-,-,7514395360
2558,Andre2Santos1,67792.6,53380,27,-,-,-,5427337042
2559,LeonidNikoshin,67760.0,56000,21,-,-,-,984398233
2560,Andrei_1AND1,67707.2,38470,76,-,-,-,429520584
2561,Antislabs,67694.0,61540,10,-,-,-,426831202
2562,Greatgali,67488.0,44400,52,-,-,-,428949702
2563,SerhioShch,67334.4,53440,26,-,-,-,580289719
2564,Shulc147,67276.8,52560,28,-,-,-,1343788472
2565,7085431693,67210.0,51700,30,-,-,-,7085431693
2566,5488305853,67200.0,35000,92,-,-,-,5488305853
2567,Luis08101993,67104.1,56390,19,-,-,-,6236198096
2568,ashrafulhasib,67054.8,38760,73,-,-,-,5810852645
2569,7740261975,67046.4,34560,94,-,-,-,7740261975
2570,jonjonski,67041.0,51570,30,-,-,-,1744571776
2571,573190385,66956.0,35240,90,-,-,-,573190385
2572,bradix,66826.8,58620,14,-,-,-,5992950563
2573,Sambioz08,66826.5,58110,15,-,-,-,7005212548
2574,Bernard_2018,66721.6,49060,36,-,-,-,7273244884
2575,GekaDS,66690.0,57000,17,-,-,-,841654608
2576,Jipsssi,66660.0,33000,102,-,-,-,624563418
2577,Arttracel,66560.0,64000,4,-,-,-,8189435826
2578,senatopbc,66537.6,57360,16,-,-,-,6729228536
2579,nikitabeliy71,66500.0,50000,33,-,-,-,5267637614
2580,GreyY_76,66420.0,54000,23,-,-,-,1115626914
2581,playsomuch,66392.8,44860,48,-,-,-,694321527
2582,M4rcos1,66211.2,50160,32,-,-,-,502888950
2583,didkovskiij,66080.0,56000,18,-,-,-,5229855300
2584,923839108,66040.0,52000,27,-,-,-,923839108
2585,DimonPotap,66032.8,55960,18,-,-,-,410360524
2586,1415936330,66000.0,55000,20,-,-,-,1415936330
2587,Jrodriguez0911,65910.0,50700,30,-,-,-,1348769857
2588,philipp13,65800.0,47000,40,-,-,-,974362731
2589,pseehoon,65780.0,46000,43,-,-,-,5434823436
2590,Tatinka123,65768.5,49450,33,-,-,-,5609681068
2591,6361877731,65760.0,48000,37,-,-,-,6361877731
2592,Akinad081430,65743.2,47640,38,-,-,-,7207834488
2593,Imprudential_1872,65720.0,62000,6,-,-,-,7112942868
2594,1998683121,65720.0,53000,24,-,-,-,1998683121
2595,ludook22,65720.0,53000,24,-,-,-,6595769722
2596,pROFFkabl,65707.6,52990,24,-,-,-,629844655
2597,Sumerelf,65688.0,47600,38,-,-,-,841950091
2598,dskulachev,65688.0,40800,61,-,-,-,476178822
2599,LMaksimN,65563.8,47510,38,-,-,-,176320545
2600,natalie12348,65532.6,44580,47,-,-,-,6909387427
2601,Lomaximoejar,65458.0,56920,15,-,-,-,5372500714
2602,ArtemA023,65250.0,45000,45,-,-,-,6367066436
2603,5107807717,64972.8,34560,88,-,-,-,5107807717
2604,markthebug,64884.3,51090,27,-,-,-,6659070802
2605,6963803630,64800.0,54000,20,-,-,-,6963803630
2606,Andreev1234,64790.4,47640,36,-,-,-,1856635197
2607,user370232,64705.6,43720,48,-,-,-,7286184225
2608,RoNiN2407,64690.8,52170,24,-,-,-,7624577974
2609,lzzrbi,64660.0,61000,6,-,-,-,6995927853
2610,7855003017,64660.0,53000,22,-,-,-,7855003017
2611,7622298574,64501.5,61430,5,-,-,-,7622298574
2612,photogenous1998,64480.0,62000,4,-,-,-,7448211632
2613,upseek_soling,64480.0,62000,4,-,-,-,7516341451
2614,KhalRandy,64320.9,59010,9,-,-,-,5863432725
2615,Faithchan15,64260.0,54000,19,-,-,-,7798107982
2616,Jlouo,64250.5,42550,51,-,-,-,7346126634
2617,zZkZrU,64050.0,61000,5,-,-,-,7283410980
2618,8043418830,63960.0,52000,23,-,-,-,8043418830
2619,911667300,63840.0,56000,14,-,-,-,911667300
2620,MaxKortin,63808.6,58540,9,-,-,-,683748147
2621,Violetta_Pekar,63800.0,55000,16,-,-,-,915611387
2622,DavinoF,63788.4,54520,17,-,-,-,6116769255
2623,Maximov_St,63672.0,45480,40,-,-,-,2116547070
2624,odinL9M,63658.4,61210,4,-,-,-,2043609408
2625,MYurii71,63635.2,52160,22,-,-,-,378563112
2626,kgggBW,63440.0,61000,4,-,-,-,7281220999
2627,Fajarnandika,63302.4,50240,26,-,-,-,1884293257
2628,Foxpaulo,63296.8,49840,27,-,-,-,5681887976
2629,7822328631,63180.8,49360,28,-,-,-,7822328631
2630,godbolte1,63176.08000000001,42230,36,1.1,-,-,1867264566
2631,legus_acc,63130.0,59000,7,-,-,-,1383535771
2632,DimaGanja,62964.0,59400,6,-,-,-,5185878316
2633,Pepelo4i,62928.5,49550,27,-,-,-,822967284
2634,coils_2004,62830.0,61000,3,-,-,-,7419040909
2635,PFiEpl,62830.0,61000,3,-,-,-,7534957400
2636,p4tr3gg,62820.0,62820,0,-,-,-,5215198718
2637,divoidedsoul,62568.00000000001,36000,58,1.1,-,-,38864449
2638,Tenshblack,62540.8,48860,28,-,-,-,5259174149
2639,strax66627,62495.4,61270,2,-,-,-,1703562394
2640,466143269,62480.0,44000,42,-,-,-,466143269
2641,fmashsh,62320.8,45160,38,-,-,-,28711385
2642,6666412144,62208.0,34560,80,-,-,-,6666412144
2643,ntgiangag,62000.6,41060,51,-,-,-,7122546195
2644,AlexanserBAF,61927.5,53850,15,-,-,-,5034751674
2645,hawk_hawk_sasha,61912.7,54790,13,-,-,-,326363825
2646,ricardomachado82,61713.4,51860,19,-,-,-,1928662268
2647,RPan8,61686.0,41400,49,-,-,-,7502127380
2648,wintersEdwin,61480.0,58000,6,-,-,-,7391370325
2649,GIVANE88,61472.4,46570,32,-,-,-,5739306966
2650,Alex01_0_0,61373.0,47210,30,-,-,-,1151007427
2651,597016780,61349.0,39580,55,-,-,-,597016780
2652,7895401554,61293.2,49430,24,-,-,-,7895401554
2653,CCHKUO,61160.0,44000,39,-,-,-,1518927033
2654,7222680740,61062.87,43710,27,1.1,-,-,7222680740
2655,EM07_07,61015.5,40950,49,-,-,-,1588860123
2656,Pavlavit,60770.0,59000,3,-,-,-,429029040
2657,shtit,60760.0,49000,24,-,-,-,178913450
2658,zinovkina_vera,60663.2,39910,52,-,-,-,436558868
2659,band20k,60572.6,50060,21,-,-,-,6713747656
2660,jack3d111,60499.8,53070,14,-,-,-,1646282058
2661,jameel_ash125,60473.2,55480,9,-,-,-,1872277809
2662,Oddventurer,60225.8,40420,49,-,-,-,2035602743
2663,Piseth_168,60082.0,54620,10,-,-,-,458914255
2664,Beregovoy9187,60071.2,50480,19,-,-,-,1325797334
2665,SmithKron,60060.0,42000,43,-,-,-,482762397
2666,sa1nt2023,60000.0,50000,20,-,-,-,1284629038
2667,Zhegulin1984,59991.8,49580,21,-,-,-,232422900
2668,fimaton,59780.0,49000,22,-,-,-,7763630618
2669,wise79RF,59743.2,48180,24,-,-,-,1026223523
2670,SEWN8,59716.8,51040,17,-,-,-,494529486
2671,dekudaciya,59578.8,45480,31,-,-,-,104831225
2672,Cristian_77,59389.4,50330,18,-,-,-,410470074
2673,B10ur,59352.8,57070,4,-,-,-,5284706760
2674,TG_Vasilii_K,59295.6,25340,95,1.2,-,-,1370498689
2675,5381061175,59194.8,29160,103,-,-,-,5381061175
2676,JDMstage,59132.5,54250,9,-,-,-,1798509150
2677,minamaks,59114.00000000001,53740,0,1.1,-,-,6842634914
2678,barrostom,58956.0,57800,2,-,-,-,6350634762
2679,alefwf,58893.12,37440,43,1.1,-,-,2032012728
2680,KwQGLZ,58860.0,54000,9,-,-,-,7280652682
2681,AlekseY81193,58850.0,55000,7,-,-,-,917906097
2682,8066433219,58830.0,37000,59,-,-,-,8066433219
2683,JunsiTornado,58521.6,46080,27,-,-,-,212313260
2684,Eghdami03,58464.7,49130,19,-,-,-,5791068954
2685,Russian_sf,58389.9,54570,7,-,-,-,213290323
2686,Daknow29,58310.0,49000,19,-,-,-,1869520751
2687,NooDee7,58301.1,38610,51,-,-,-,958209589
2688,LamboDiabl,58229.4,54420,7,-,-,-,1071269018
2689,LZagrus,58201.5,50610,15,-,-,-,996061475
2690,williamken15,58144.0,36800,58,-,-,-,1858977967
2691,1220019370,58000.0,50000,16,-,-,-,1220019370
2692,andressasdes,57860.8,49880,16,-,-,-,5980832736
2693,oleg1500,57846.0,46650,24,-,-,-,488957524
2694,8175556003,57801.7,47770,21,-,-,-,8175556003
2695,yuzuyuzu114992,57782.4,37040,20,1.3,-,-,5190913784
2696,Maaryu04,57750.0,55000,5,-,-,-,7151223684
2697,Fernand_T,57662.4,46880,23,-,-,-,5408846988
2698,bastosai01ai,57576.3,46810,23,-,-,-,1869686526
2699,only131love,57532.1,41390,39,-,-,-,7477699769
2700,jroslav_111,57500.0,46000,25,-,-,-,1865569358
2701,wooya_k,57380.0,38000,51,-,-,-,1698490343
2702,night32131,57368.0,56800,1,-,-,-,6011037884
2703,Mujahid_Alfalahi,57311.2,40360,42,-,-,-,1146403742
2704,RichSharde,57288.00000000001,31000,68,1.1,-,-,6647661628
2705,lp81lx,57262.8,48120,19,-,-,-,7541542306
2706,5367562408,57200.0,44000,30,-,-,-,5367562408
2707,7266784155,57120.0,48000,19,-,-,-,7266784155
2708,Klemo1722,57024.00000000001,36000,44,1.1,-,-,1692483854
2709,paulussssss,56840.0,49000,16,-,-,-,421950593
2710,paanogawinvlogronald,56832.5,44750,27,-,-,-,7165853727
2711,1074249391,56817.6,42720,33,-,-,-,1074249391
2712,HennaMarie23,56760.0,43000,32,-,-,-,7074367011
2713,Cuttlefish_2037,56710.0,53000,7,-,-,-,7417314821
2714,taryvre,56676.4,46840,21,-,-,-,1251849017
2715,Makc_frolov,56429.1,48230,17,-,-,-,332645879
2716,5278112861,56422.4,44080,28,-,-,-,5278112861
2717,Squall274,56419.0,49060,15,-,-,-,5771983810
2718,Jenz1513,56402.8,38110,48,-,-,-,7308892270
2719,pinkwhale7,56385.2,38620,46,-,-,-,1006189819
2720,1850824557,56327.4,46170,22,-,-,-,1850824557
2721,stadniciuk,56260.0,29000,94,-,-,-,281010030
2722,Vnossov,56260.0,29000,94,-,-,-,1000326714
2723,Mera00033,56225.0,44980,25,-,-,-,1995204295
2724,uzerblym,56222.9,44270,27,-,-,-,178356897
2725,Mano6652,56047.2,42460,32,-,-,-,151348099
2726,nearxo,56002.8,49560,13,-,-,-,911040532
2727,putradamanik,55985.2,41780,34,-,-,-,1881056997
2728,microfus,55931.6,41740,34,-,-,-,5376311900
2729,MariyaSenevskaya,55909.7,40810,37,-,-,-,5508410864
2730,Mitizeh,55900.0,43000,30,-,-,-,1754386198
2731,CarolusMagnus0057,55899.6,37770,48,-,-,-,6647260460
2732,Bogdan_1010102,55880.0,44000,27,-,-,-,1133678887
2733,Tolol122,55770.0,33000,69,-,-,-,5813609130
2734,blais_Durango,55650.0,53000,5,-,-,-,7299373258
2735,menghun,55440.0,44000,26,-,-,-,272484871
2736,Javid_Azad,55407.0,37950,46,-,-,-,705799455
2737,IE7797,55403.2,44680,24,-,-,-,241859281
2738,Lom15946,55350.0,45000,23,-,-,-,711100946
2739,t_lips,55247.6,46820,18,-,-,-,733708891
2740,Inzaghi1989,55219.5,52590,5,-,-,-,1331714839
2741,BadimN,55200.5,48850,13,-,-,-,5120638660
2742,Habaneraalert,55120.0,53000,4,-,-,-,7242643389
2743,Gutpreexposes,55120.0,53000,4,-,-,-,7365181702
2744,XuanQuyen,55103.4,45540,21,-,-,-,5482301568
2745,bullrunner8,55035.2,46640,18,-,-,-,2054682340
2746,aleksemelianova,55000.0,44000,25,-,-,-,1176300810
2747,aleksmozhaec,54988.2,35940,53,-,-,-,369329336
2748,8186931747,54863.3,39470,39,-,-,-,8186931747
2749,stromanua,54668.5,35270,55,-,-,-,1860726712
2750,jaysonobado,54507.6,52920,3,-,-,-,1085259595
2751,7267583029,54457.2,43220,26,-,-,-,7267583029
2752,tataedmund,54441.6,50880,7,-,-,-,6999366932
2753,MarceloHellmann,54340.0,38000,43,-,-,-,5914443373
2754,aymnotwenz,54304.0,33940,60,-,-,-,7841337864
2755,MSalsabil,54204.0,45170,20,-,-,-,6314082645
2756,xibunda81,54192.6,45540,19,-,-,-,5261406842
2757,contemptible_Sulphine,54060.0,53000,2,-,-,-,7294869969
2758,OChigare,54000.0,40000,35,-,-,-,1914941388
2759,Ifan_321,53999.4,39130,38,-,-,-,512966275
2760,7766935375,53988.8,32920,64,-,-,-,7766935375
2761,7619599477,53906.6,50380,7,-,-,-,7619599477
2762,6523069775,53901.0,47700,13,-,-,-,6523069775
2763,1775320696,53881.2,33260,62,-,-,-,1775320696
2764,Panda2015Py,53860.3,31870,69,-,-,-,6571220621
2765,Yuri_I1off,53820.0,39000,38,-,-,-,5194555928
2766,Ekatrina33,53775.6,43720,23,-,-,-,1193995688
2767,rdzhh,53768.0,51700,4,-,-,-,1995925096
2768,Danveloso7,53750.0,43000,25,-,-,-,1845968090
2769,K01LW,53692.0,43300,24,-,-,-,1823801678
2770,gartur061,53672.4,35080,53,-,-,-,376147801
2771,Vitnick,53665.6,39460,36,-,-,-,727844376
2772,Raptr2,53650.0,53650,0,-,-,-,439553256
2773,denis69999,53441.6,42080,27,-,-,-,697355712
2774,Alexey_Garan,53424.8,37360,43,-,-,-,604012604
2775,Sana198610,53380.0,34000,57,-,-,-,5940937490
2776,A1ex_and_R,53240.0,44000,21,-,-,-,427564050
2777,s3nim,53240.0,44000,21,-,-,-,1379522786
2778,885945937,53131.0,40870,30,-,-,-,885945937
2779,Funklestiltzkin,53121.6,42840,24,-,-,-,6341860100
2780,714054029,53070.0,29000,83,-,-,-,714054029
2781,renrentutu,53027.1,39870,33,-,-,-,5749267709
2782,316497441,52992.0,23000,92,1.2,-,-,316497441
2783,AltTaaab,52890.1,49430,7,-,-,-,1634572549
2784,6607776862,52885.56,24360,67,1.3,-,-,6607776862
2785,1729491634,52857.6,27530,92,-,-,-,1729491634
2786,pbpaul,52798.8,38260,38,-,-,-,2123078719
2787,6717114925,52756.0,48400,9,-,-,-,6717114925
2788,8045563653,52676.1,49230,7,-,-,-,8045563653
2789,Sz191,52563.6,42390,24,-,-,-,126622582
2790,rypetype,52537.5,42030,25,-,-,-,6587894951
2791,shecallmedante,52501.6,42340,24,-,-,-,534698483
2792,vega114,52500.0,42000,25,-,-,-,894789284
2793,Vovanchello123,52494.4,46870,12,-,-,-,837658188
2794,CodeSourceNet,52490.9,44110,19,-,-,-,5902896380
2795,Momosaidmomo,52477.2,40680,29,-,-,-,606215844
2796,Unknownking331,52364.0,40280,30,-,-,-,7420136646
2797,Fahrettin_Kaan_Soylu,52362.4,42920,22,-,-,-,1293473969
2798,7501945199,52269.2,35080,49,-,-,-,7501945199
2799,911938979,52200.0,29000,80,-,-,-,911938979
2800,7385115919,52133.9,43810,19,-,-,-,7385115919
2801,TheCryptoMonster,52063.8,45670,14,-,-,-,1474104798
2802,avkchel,52000.0,40000,30,-,-,-,964693826
2803,AtlantasiuS,51967.2,44040,18,-,-,-,907208028
2804,van_gojik,51663.6,40680,27,-,-,-,153970160
2805,chiko95,51604.0,36860,40,-,-,-,928890164
2806,SwetlanaSharp,51451.2,47640,8,-,-,-,5225789904
2807,solsol7144,51435.0,38100,35,-,-,-,8084667729
2808,1012912869,51433.439999999995,25820,66,1.2,-,-,1012912869
2809,6785031340,51320.5,33110,55,-,-,-,6785031340
2810,Pale1854,51289.0,43100,19,-,-,-,6640474177
2811,SergeySabanov,51239.4,37130,38,-,-,-,504342674
2812,Dmitriy_Sergeef,51200.0,40000,28,-,-,-,185769819
2813,Dmicher,51170.0,43000,19,-,-,-,445469103
2814,Foronisus,50914.4,41060,24,-,-,-,2125008932
2815,kimgatiel,50893.04000000001,30640,51,1.1,-,-,1875834240
2816,hurricane89,50820.0,36300,40,-,-,-,2124589108
2817,Piseth556678,50799.0,48380,5,-,-,-,6030600898
2818,7071672710,50793.5,44950,13,-,-,-,7071672710
2819,Sergey1991112,50793.4,35770,42,-,-,-,414084164
2820,Creed252,50752.8,40280,26,-,-,-,2018768507
2821,Fahad69z,50723.75000000001,26350,75,1.1,-,-,6934967610
2822,Gotfather126,50600.0,44000,15,-,-,-,812108041
2823,Iryna_Novikova75,50560.0,39500,28,-,-,-,552302466
2824,AIDeweIoper,50434.8,41340,22,-,-,-,539853328
2825,Natalynatsudogshouse,50421.9,38490,31,-,-,-,965353416
2826,marxchanx00,50413.6,43460,16,-,-,-,7055581153
2827,svskumar,50388.0,48450,4,-,-,-,318401353
2828,elizium,50375.0,31000,25,1.3,-,-,224573
2829,SmileFryaz,50310.0,43000,17,-,-,-,1467723998
2830,Mdefri24,50270.1,40870,23,-,-,-,7553500508
2831,7243971091,50244.0,41870,20,-,-,-,7243971091
2832,romka3100,50165.6,34360,46,-,-,-,382605948
2833,Shadowplay68,50058.0,30900,62,-,-,-,39222468
2834,Saman19881367,49935.6,37830,32,-,-,-,6131822817
2835,Evgen_Dzek,49922.4,40920,22,-,-,-,5267151239
2836,aka_Strix,49779.4,41140,21,-,-,-,334243254
2837,nerfe01,49698.0,45180,10,-,-,-,7143127303
2838,Shelegdima,49567.4,35660,39,-,-,-,639740336
2839,arteem7777,49555.4,39020,27,-,-,-,5751725103
2840,Dodo_Rustam_Pakhomov,49544.2,37820,31,-,-,-,317025357
2841,vladislavChernyaev,49530.0,39000,27,-,-,-,1942611965
2842,alpetar82,49511.8,36140,37,-,-,-,827585122
2843,6771998130,49482.9,40230,23,-,-,-,6771998130
2844,alexandr_dragon,49422.4,36340,36,-,-,-,1986365919
2845,Olegvickol,49392.0,41160,20,-,-,-,5389690408
2846,Atamsik,49369.6,32480,52,-,-,-,482408283
2847,kazakh_90,49300.0,29000,70,-,-,-,5837393801
2848,1955588739,49289.8,45220,9,-,-,-,1955588739
2849,catchoy,49150.0,39320,25,-,-,-,1640381331
2850,PascalTRM,49089.6,34090,44,-,-,-,5342123177
2851,Sasd8,49069.2,47640,3,-,-,-,922462549
2852,D_e_n_ch_ik,48997.0,37690,30,-,-,-,1430085856
2853,Taniortv,48960.0,36000,36,-,-,-,6569525116
2854,TANYCHESCHKA,48941.6,37360,31,-,-,-,8199320215
2855,5189041158,48897.6,29280,67,-,-,-,5189041158
2856,grinch53,48828.3,34630,41,-,-,-,421457465
2857,Sokolov76,48760.0,46000,6,-,-,-,1074076468
2858,fibdoug,48757.2,39640,23,-,-,-,6766288412
2859,O71lg,48705.6,35040,39,-,-,-,1053536750
2860,6590345572,48560.8,24040,102,-,-,-,6590345572
2861,Gleb_5167,48544.0,26240,85,-,-,-,1180044415
2862,FAV0707,48526.50000000001,25500,73,1.1,-,-,1927644265
2863,Sanduljak,48507.0,42180,15,-,-,-,5194537582
2864,Tayger72,48500.0,38800,25,-,-,-,1064085448
2865,Cheechthekat,48498.0,41100,18,-,-,-,1939914174
2866,emirhary,48427.6,34840,39,-,-,-,7112458945
2867,sanek_arp,48400.0,40000,21,-,-,-,5852480779
2868,Mic_Vin,48367.8,41340,17,-,-,-,161070997
2869,Maijjin,48297.6,44720,8,-,-,-,1395281478
2870,lastseen2C24,48290.0,43900,10,-,-,-,5941858245
2871,Dreamer13_15,48188.9,44210,9,-,-,-,1193872528
2872,xrpmoonnn,48073.2,40740,18,-,-,-,433040698
2873,8385011250,48047.2,31610,52,-,-,-,8385011250
2874,5394317663,48016.8,42120,14,-,-,-,5394317663
2875,7147616538,48002.9,25670,87,-,-,-,7147616538
2876,7367467907,48000.0,40000,20,-,-,-,7367467907
2877,skylife3002,47940.2,39620,21,-,-,-,5141696816
2878,Nikita_Chernenky,47933.2,40280,19,-,-,-,521011945
2879,teslolom,47876.4,40920,17,-,-,-,1172772448
2880,alexxasha,47833.2,37080,29,-,-,-,391829970
2881,MuingX,47779.2,37920,26,-,-,-,6532293652
2882,DMay20,47766.6,40140,19,-,-,-,7954784267
2883,bmw_darkside,47741.1,43010,11,-,-,-,389066595
2884,644612063,47623.8,40020,19,-,-,-,644612063
2885,Dublin_n,47621.2,34760,37,-,-,-,7961363643
2886,7348799354,47615.0,44500,7,-,-,-,7348799354
2887,kanekoneko,47580.0,39000,22,-,-,-,5333130912
2888,TrafalgarLow33,47409.2,38860,22,-,-,-,6987945700
2889,RomanGoso,47397.0,38850,22,-,-,-,5144174443
2890,yoaimo093,47294.4,28320,67,-,-,-,6468484459
2891,pomny_378,47255.0,36350,30,-,-,-,1216308181
2892,Starydedi,47235.0,33500,41,-,-,-,6126033317
2893,Dedadedov,47060.0,36200,30,-,-,-,5221857302
2894,1124376273,47040.0,32000,47,-,-,-,1124376273
2895,Moradi_Nader,47005.2,35610,32,-,-,-,669474058
2896,darklmoon,46990.0,37000,27,-,-,-,569347914
2897,7003926481,46851.2,38720,21,-,-,-,7003926481
2898,alex_key_1,46740.0,41000,14,-,-,-,609015434
2899,A11Evans,46728.0,39600,18,-,-,-,1370272021
2900,1824025982,46683.0,35100,33,-,-,-,1824025982
2901,6081409423,46648.8,23560,98,-,-,-,6081409423
2902,BabouFgn,46620.0,37000,26,-,-,-,814720765
2903,coinmad,46608.8,40180,16,-,-,-,1226568522
2904,H_A_3_A_P,46566.0,35820,30,-,-,-,822549181
2905,Fri33nds,46351.2,37380,24,-,-,-,819772724
2906,EGatoS,46200.0,33000,40,-,-,-,1382503049
2907,allmatter,46194.8,43580,6,-,-,-,7292244307
2908,NikDuD,46160.0,23080,100,-,-,-,1019800290
2909,WhiteSam93,46141.6,33680,37,-,-,-,221363312
2910,1394575849,45951.2,32360,42,-,-,-,1394575849
2911,edmarsp,45888.0,38240,20,-,-,-,1078601325
2912,Leo_Aveni,45880.0,37000,24,-,-,-,922244633
2913,SMLN_DN,45789.38,25340,39,1.3,-,-,44549273
2914,7249536466,45760.0,32000,43,-,-,-,7249536466
2915,7207578406,45706.4,36860,24,-,-,-,7207578406
2916,Jl0000011,45676.0,30050,52,-,-,-,677442665
2917,7360006299,45600.0,40000,14,-,-,-,7360006299
2918,waddie_Dates,45510.0,41000,11,-,-,-,7237571590
2919,mani110692,45466.2,38860,17,-,-,-,976657020
2920,mashyla56,45386.6,38140,19,-,-,-,7091941031
2921,Tohadrums,45267.6,38040,19,-,-,-,788785364
2922,Benimaruwai,45264.8,33040,37,-,-,-,516845574
2923,dada322,45240.0,39000,16,-,-,-,168559995
2924,VladVlad1177,45236.4,30360,49,-,-,-,5210725517
2925,sada00007,45220.0,34000,33,-,-,-,857346350
2926,cetyhb2000,45218.0,39320,15,-,-,-,6957449191
2927,yanahrybava,45150.0,43000,5,-,-,-,1667587222
2928,sadoDUCKS,45100.4,32920,37,-,-,-,1376628984
2929,madramen1,45000.0,30000,50,-,-,-,1335328415
2930,valeriibrd,44880.0,34000,32,-,-,-,228575061
2931,xet1971,44654.4,35440,26,-,-,-,364213041
2932,6841587869,44613.7,40930,9,-,-,-,6841587869
2933,ddermm,44520.0,42000,6,-,-,-,537213486
2934,Shilovchik,44431.2,36720,21,-,-,-,830555604
2935,NICCINICCI3,44428.8,42720,4,-,-,-,5725185173
2936,will_neg,44370.4,29980,48,-,-,-,711934334
2937,xpluspct,44363.8,39260,13,-,-,-,1731341680
2938,Artem_Kanchurin,44308.0,41800,6,-,-,-,7440763126
2939,Vitalij_Palamarchuk,44280.0,36000,23,-,-,-,473799401
2940,Crystal105,44259.9,34310,29,-,-,-,1086908860
2941,mehranrajabi1361,44073.0,37350,18,-,-,-,5617415109
2942,happyturn0601,43930.0,23000,91,-,-,-,7050988394
2943,offkvaz,43920.0,36000,22,-,-,-,877404125
2944,inntsurkan,43778.0,37100,18,-,-,-,729260860
2945,bars080,43692.0,36410,20,-,-,-,1133974874
2946,JohnnySig,43680.0,42000,4,-,-,-,6840238990
2947,alexmakhotka,43596.0,31140,40,-,-,-,1026511362
2948,kuper36,43573.5,37890,15,-,-,-,1197110470
2949,Kiribas_IDKFA,43560.0,36000,21,-,-,-,337929821
2950,7687458170,43534.4,23660,84,-,-,-,7687458170
2951,MegaTron_Max,43463.3,29170,49,-,-,-,7189157480
2952,AlexLu1973,43433.0,33410,30,-,-,-,1867042565
2953,Neztanjiro,43260.0,42000,3,-,-,-,1972471148
2954,6170403233,43240.0,23000,88,-,-,-,6170403233
2955,985030794,43230.0,30000,31,1.1,-,-,985030794
2956,ngd2b,43197.0,33000,19,1.1,-,-,4652442
2957,Ksenia_Ivasenko,43140.8,36560,18,-,-,-,772369801
2958,olHrynch,43106.8,42680,1,-,-,-,371574729
2959,486736314,43092.0,39900,8,-,-,-,486736314
2960,ducdth1,43066.4,26260,64,-,-,-,5022355928
2961,franz1710,43060.5,41010,5,-,-,-,5158194522
2962,VKSdkx,43050.0,41000,5,-,-,-,7252002189
2963,pupseen,43022.8,36460,18,-,-,-,931009853
2964,BITS_masirwz55,42778.0,29300,46,-,-,-,8421810238
2965,VitalikBobi,42773.5,42350,1,-,-,-,1943756761
2966,uHigh666,42735.5,33650,27,-,-,-,5266302197
2967,Aleksandr_F83,42712.2,35010,22,-,-,-,356210825
2968,396266539,42650.4,27340,56,-,-,-,396266539
2969,victor_mikhailov,42644.1,34670,23,-,-,-,1379991821
2970,olegio59,42640.0,41000,4,-,-,-,99380285
2971,fnBMmC,42640.0,41000,4,-,-,-,6689667019
2972,leFXSl,42640.0,41000,4,-,-,-,6677453680
2973,Greks212,42570.0,33000,29,-,-,-,602728606
2974,ivanke9000,42562.8,39410,8,-,-,-,7100693230
2975,Shapiro1103,42510.0,39000,9,-,-,-,1152578592
2976,877067723,42425.68000000001,26060,48,1.1,-,-,877067723
2977,7074683363,42400.0,40000,6,-,-,-,7074683363
2978,dksetikon,42247.8,28740,47,-,-,-,6025653052
2979,Svetlana0021,42243.6,29960,41,-,-,-,1096705476
2980,Baltican,42240.0,32000,32,-,-,-,1175594103
2981,Biosynthesis_Labyrinth,42230.0,41000,3,-,-,-,7493347858
2982,Adityaaadi1444,42200.9,31730,33,-,-,-,6573962041
2983,kuvenov,42171.6,37320,13,-,-,-,187375325
2984,dmitryklest,42090.3,35370,19,-,-,-,729609155
2985,MasterIJ,42079.2,23640,78,-,-,-,526618639
2986,Ali_1991D,42058.8,33380,26,-,-,-,6334023375
2987,ArtKanRUS,42057.6,40440,4,-,-,-,7140141193
2988,aanaastasia,42033.6,38920,8,-,-,-,381475535
2989,Serenkova_K_S,41932.8,37440,12,-,-,-,1210445726
2990,Mashle_35,41902.5,27750,51,-,-,-,6365930172
2991,JWX09,41850.0,33750,24,-,-,-,5182464628
2992,rabbit_soul,41812.5,33450,25,-,-,-,2128853628
2993,6896689645,41726.0,26920,55,-,-,-,6896689645
2994,fcsmlegend,41720.0,28000,49,-,-,-,298858674
2995,7219049313,41484.5,28610,45,-,-,-,7219049313
2996,madhums,41470.0,29000,43,-,-,-,716373981
2997,6425558493,41466.7,27830,49,-,-,-,6425558493
2998,Roman_4919,41421.6,31380,32,-,-,-,1868710734
2999,omidpartner,41384.0,36950,12,-,-,-,118748813
3000,humano3avr,41369.6,32320,28,-,-,-,537779288
